run_id,config,case,mode,stimulus_mode,transaction_seed,run_seed,target,backpressure,run_result,cycles,initialization_count,write_count,read_count,readback_count,schedule,source_manifest_sha256,run_record,log,timing,axi_period_ps,noc_period_ps,noc_phase_ps,response_error
C0-01,C0,capacity_reuse,auto,control,1,1,context,0,PASS,17048,0,320,320,0,"{""backpressure"": ""0"", ""capacity_target"": ""context"", ""capacity_test"": ""1"", ""case_name"": ""capacity_reuse_context"", ""concurrent_rw"": ""0"", ""data_case"": ""0"", ""hold_cycles"": ""4096"", ""init_phase"": ""0"", ""min_outstanding"": ""1"", ""min_unique"": ""1"", ""reorder_test"": ""0"", ""seed"": ""1"", ""stall_cycles"": ""0"", ""stim_dir"": ""/home/mingwei/noc_project/sim/build/integration-regression/baseline/patterns/capacity_reuse_context"", ""stress_test"": ""1""}",7342da1268809ec4b245322ee65a1c7353df27e801f0468db6aef384564ca292,build/integration-regression/reports/baseline/results/capacity_reuse_auto_context_s1/capacity_reuse.run.json,build/integration-regression/reports/baseline/results/capacity_reuse_auto_context_s1/capacity_reuse.log,T0,1000,1000,0,OKAY
C0-02,C0,capacity_reuse,auto,control,1,1,per_id,0,PASS,9097,0,320,320,0,"{""backpressure"": ""0"", ""capacity_target"": ""per_id"", ""capacity_test"": ""1"", ""case_name"": ""capacity_reuse_per_id"", ""concurrent_rw"": ""0"", ""data_case"": ""0"", ""hold_cycles"": ""4096"", ""init_phase"": ""0"", ""min_outstanding"": ""1"", ""min_unique"": ""1"", ""reorder_test"": ""0"", ""seed"": ""1"", ""stall_cycles"": ""0"", ""stim_dir"": ""/home/mingwei/noc_project/sim/build/integration-regression/baseline/patterns/capacity_reuse_per_id"", ""stress_test"": ""1""}",7342da1268809ec4b245322ee65a1c7353df27e801f0468db6aef384564ca292,build/integration-regression/reports/baseline/results/capacity_reuse_auto_per_id_s1/capacity_reuse.run.json,build/integration-regression/reports/baseline/results/capacity_reuse_auto_per_id_s1/capacity_reuse.log,T0,1000,1000,0,OKAY
C0-03,C0,capacity_reuse,auto,control,1,1,rob,0,PASS,17221,0,320,320,0,"{""backpressure"": ""0"", ""capacity_target"": ""rob"", ""capacity_test"": ""1"", ""case_name"": ""capacity_reuse_rob"", ""concurrent_rw"": ""0"", ""data_case"": ""0"", ""hold_cycles"": ""4096"", ""init_phase"": ""0"", ""min_outstanding"": ""1"", ""min_unique"": ""1"", ""reorder_test"": ""0"", ""seed"": ""1"", ""stall_cycles"": ""0"", ""stim_dir"": ""/home/mingwei/noc_project/sim/build/integration-regression/baseline/patterns/capacity_reuse_rob"", ""stress_test"": ""1""}",7342da1268809ec4b245322ee65a1c7353df27e801f0468db6aef384564ca292,build/integration-regression/reports/baseline/results/capacity_reuse_auto_rob_s1/capacity_reuse.run.json,build/integration-regression/reports/baseline/results/capacity_reuse_auto_rob_s1/capacity_reuse.log,T0,1000,1000,0,OKAY
C0-04,C0,capacity_reuse,data,data,1,1,context,0,PASS,17050,0,320,320,0,"{""backpressure"": ""0"", ""capacity_target"": ""context"", ""capacity_test"": ""1"", ""case_name"": ""capacity_reuse_context"", ""concurrent_rw"": ""0"", ""data_case"": ""1"", ""hold_cycles"": ""4096"", ""init_phase"": ""0"", ""min_outstanding"": ""1"", ""min_unique"": ""1"", ""reorder_test"": ""0"", ""seed"": ""1"", ""stall_cycles"": ""0"", ""stim_dir"": ""/home/mingwei/noc_project/sim/build/integration-regression/baseline/patterns/data/capacity_reuse_context"", ""stress_test"": ""1""}",7342da1268809ec4b245322ee65a1c7353df27e801f0468db6aef384564ca292,build/integration-regression/reports/baseline/results/capacity_reuse_data_context_s1/capacity_reuse.run.json,build/integration-regression/reports/baseline/results/capacity_reuse_data_context_s1/capacity_reuse.log,T0,1000,1000,0,OKAY
C0-05,C0,capacity_reuse,data,data,1,1,per_id,0,PASS,9103,0,320,320,0,"{""backpressure"": ""0"", ""capacity_target"": ""per_id"", ""capacity_test"": ""1"", ""case_name"": ""capacity_reuse_per_id"", ""concurrent_rw"": ""0"", ""data_case"": ""1"", ""hold_cycles"": ""4096"", ""init_phase"": ""0"", ""min_outstanding"": ""1"", ""min_unique"": ""1"", ""reorder_test"": ""0"", ""seed"": ""1"", ""stall_cycles"": ""0"", ""stim_dir"": ""/home/mingwei/noc_project/sim/build/integration-regression/baseline/patterns/data/capacity_reuse_per_id"", ""stress_test"": ""1""}",7342da1268809ec4b245322ee65a1c7353df27e801f0468db6aef384564ca292,build/integration-regression/reports/baseline/results/capacity_reuse_data_per_id_s1/capacity_reuse.run.json,build/integration-regression/reports/baseline/results/capacity_reuse_data_per_id_s1/capacity_reuse.log,T0,1000,1000,0,OKAY
C0-06,C0,capacity_reuse,data,data,1,1,rob,0,PASS,17230,0,320,320,0,"{""backpressure"": ""0"", ""capacity_target"": ""rob"", ""capacity_test"": ""1"", ""case_name"": ""capacity_reuse_rob"", ""concurrent_rw"": ""0"", ""data_case"": ""1"", ""hold_cycles"": ""4096"", ""init_phase"": ""0"", ""min_outstanding"": ""1"", ""min_unique"": ""1"", ""reorder_test"": ""0"", ""seed"": ""1"", ""stall_cycles"": ""0"", ""stim_dir"": ""/home/mingwei/noc_project/sim/build/integration-regression/baseline/patterns/data/capacity_reuse_rob"", ""stress_test"": ""1""}",7342da1268809ec4b245322ee65a1c7353df27e801f0468db6aef384564ca292,build/integration-regression/reports/baseline/results/capacity_reuse_data_rob_s1/capacity_reuse.run.json,build/integration-regression/reports/baseline/results/capacity_reuse_data_rob_s1/capacity_reuse.log,T0,1000,1000,0,OKAY
C0-07,C0,ctrl_rand,auto,control,1,1,,0,PASS,732,0,64,64,64,"{""backpressure"": ""0"", ""capacity_test"": ""0"", ""case_name"": ""ctrl_rand"", ""concurrent_rw"": ""1"", ""data_case"": ""0"", ""hold_cycles"": ""0"", ""init_phase"": ""0"", ""min_outstanding"": ""2"", ""min_unique"": ""2"", ""reorder_test"": ""0"", ""seed"": ""1"", ""stall_cycles"": ""0"", ""stim_dir"": ""/home/mingwei/noc_project/sim/build/integration-regression/baseline/patterns/ctrl_rand""}",7342da1268809ec4b245322ee65a1c7353df27e801f0468db6aef384564ca292,build/integration-regression/reports/baseline/results/ctrl_rand_auto_per_id_s1/ctrl_rand.run.json,build/integration-regression/reports/baseline/results/ctrl_rand_auto_per_id_s1/ctrl_rand.log,T0,1000,1000,0,OKAY
C0-08,C0,ctrl_read_burst,auto,control,1,1,,0,PASS,1036,0,0,15,0,"{""backpressure"": ""0"", ""capacity_test"": ""0"", ""case_name"": ""ctrl_read_burst"", ""concurrent_rw"": ""0"", ""data_case"": ""0"", ""hold_cycles"": ""0"", ""init_phase"": ""0"", ""min_outstanding"": ""1"", ""min_unique"": ""1"", ""reorder_test"": ""0"", ""seed"": ""1"", ""stall_cycles"": ""0"", ""stim_dir"": ""/home/mingwei/noc_project/sim/build/integration-regression/baseline/patterns/ctrl_read_burst""}",7342da1268809ec4b245322ee65a1c7353df27e801f0468db6aef384564ca292,build/integration-regression/reports/baseline/results/ctrl_read_burst_auto_per_id_s1/ctrl_read_burst.run.json,build/integration-regression/reports/baseline/results/ctrl_read_burst_auto_per_id_s1/ctrl_read_burst.log,T0,1000,1000,0,OKAY
C0-09,C0,ctrl_read_single,auto,control,1,1,,0,PASS,26,0,0,1,0,"{""backpressure"": ""0"", ""capacity_test"": ""0"", ""case_name"": ""ctrl_read_single"", ""concurrent_rw"": ""0"", ""data_case"": ""0"", ""hold_cycles"": ""0"", ""init_phase"": ""0"", ""min_outstanding"": ""1"", ""min_unique"": ""1"", ""reorder_test"": ""0"", ""seed"": ""1"", ""stall_cycles"": ""0"", ""stim_dir"": ""/home/mingwei/noc_project/sim/build/integration-regression/baseline/patterns/ctrl_read_single""}",7342da1268809ec4b245322ee65a1c7353df27e801f0468db6aef384564ca292,build/integration-regression/reports/baseline/results/ctrl_read_single_auto_per_id_s1/ctrl_read_single.run.json,build/integration-regression/reports/baseline/results/ctrl_read_single_auto_per_id_s1/ctrl_read_single.log,T0,1000,1000,0,OKAY
C0-10,C0,ctrl_write_burst,auto,control,1,1,,0,PASS,1051,0,15,0,0,"{""backpressure"": ""0"", ""capacity_test"": ""0"", ""case_name"": ""ctrl_write_burst"", ""concurrent_rw"": ""0"", ""data_case"": ""0"", ""hold_cycles"": ""0"", ""init_phase"": ""0"", ""min_outstanding"": ""1"", ""min_unique"": ""1"", ""reorder_test"": ""0"", ""seed"": ""1"", ""stall_cycles"": ""0"", ""stim_dir"": ""/home/mingwei/noc_project/sim/build/integration-regression/baseline/patterns/ctrl_write_burst""}",7342da1268809ec4b245322ee65a1c7353df27e801f0468db6aef384564ca292,build/integration-regression/reports/baseline/results/ctrl_write_burst_auto_per_id_s1/ctrl_write_burst.run.json,build/integration-regression/reports/baseline/results/ctrl_write_burst_auto_per_id_s1/ctrl_write_burst.log,T0,1000,1000,0,OKAY
C0-11,C0,ctrl_write_single,auto,control,1,1,,0,PASS,27,0,1,0,0,"{""backpressure"": ""0"", ""capacity_test"": ""0"", ""case_name"": ""ctrl_write_single"", ""concurrent_rw"": ""0"", ""data_case"": ""0"", ""hold_cycles"": ""0"", ""init_phase"": ""0"", ""min_outstanding"": ""1"", ""min_unique"": ""1"", ""reorder_test"": ""0"", ""seed"": ""1"", ""stall_cycles"": ""0"", ""stim_dir"": ""/home/mingwei/noc_project/sim/build/integration-regression/baseline/patterns/ctrl_write_single""}",7342da1268809ec4b245322ee65a1c7353df27e801f0468db6aef384564ca292,build/integration-regression/reports/baseline/results/ctrl_write_single_auto_per_id_s1/ctrl_write_single.run.json,build/integration-regression/reports/baseline/results/ctrl_write_single_auto_per_id_s1/ctrl_write_single.log,T0,1000,1000,0,OKAY
C0-12,C0,data_rand,auto,data,1,1,,0,PASS,659,0,64,64,64,"{""backpressure"": ""0"", ""capacity_test"": ""0"", ""case_name"": ""data_rand"", ""concurrent_rw"": ""1"", ""data_case"": ""1"", ""hold_cycles"": ""0"", ""init_phase"": ""0"", ""min_outstanding"": ""2"", ""min_unique"": ""2"", ""reorder_test"": ""0"", ""seed"": ""1"", ""stall_cycles"": ""0"", ""stim_dir"": ""/home/mingwei/noc_project/sim/build/integration-regression/baseline/patterns/data_rand""}",7342da1268809ec4b245322ee65a1c7353df27e801f0468db6aef384564ca292,build/integration-regression/reports/baseline/results/data_rand_auto_per_id_s1/data_rand.run.json,build/integration-regression/reports/baseline/results/data_rand_auto_per_id_s1/data_rand.log,T0,1000,1000,0,OKAY
C0-13,C0,data_read_burst,auto,data,1,1,,0,PASS,272,0,0,11,0,"{""backpressure"": ""0"", ""capacity_test"": ""0"", ""case_name"": ""data_read_burst"", ""concurrent_rw"": ""0"", ""data_case"": ""1"", ""hold_cycles"": ""0"", ""init_phase"": ""0"", ""min_outstanding"": ""1"", ""min_unique"": ""1"", ""reorder_test"": ""0"", ""seed"": ""1"", ""stall_cycles"": ""0"", ""stim_dir"": ""/home/mingwei/noc_project/sim/build/integration-regression/baseline/patterns/data_read_burst""}",7342da1268809ec4b245322ee65a1c7353df27e801f0468db6aef384564ca292,build/integration-regression/reports/baseline/results/data_read_burst_auto_per_id_s1/data_read_burst.run.json,build/integration-regression/reports/baseline/results/data_read_burst_auto_per_id_s1/data_read_burst.log,T0,1000,1000,0,OKAY
C0-14,C0,data_read_single,auto,data,1,1,,0,PASS,28,0,0,1,0,"{""backpressure"": ""0"", ""capacity_test"": ""0"", ""case_name"": ""data_read_single"", ""concurrent_rw"": ""0"", ""data_case"": ""1"", ""hold_cycles"": ""0"", ""init_phase"": ""0"", ""min_outstanding"": ""1"", ""min_unique"": ""1"", ""reorder_test"": ""0"", ""seed"": ""1"", ""stall_cycles"": ""0"", ""stim_dir"": ""/home/mingwei/noc_project/sim/build/integration-regression/baseline/patterns/data_read_single""}",7342da1268809ec4b245322ee65a1c7353df27e801f0468db6aef384564ca292,build/integration-regression/reports/baseline/results/data_read_single_auto_per_id_s1/data_read_single.run.json,build/integration-regression/reports/baseline/results/data_read_single_auto_per_id_s1/data_read_single.log,T0,1000,1000,0,OKAY
C0-15,C0,data_write_burst,auto,data,1,1,,0,PASS,283,0,11,0,0,"{""backpressure"": ""0"", ""capacity_test"": ""0"", ""case_name"": ""data_write_burst"", ""concurrent_rw"": ""0"", ""data_case"": ""1"", ""hold_cycles"": ""0"", ""init_phase"": ""0"", ""min_outstanding"": ""1"", ""min_unique"": ""1"", ""reorder_test"": ""0"", ""seed"": ""1"", ""stall_cycles"": ""0"", ""stim_dir"": ""/home/mingwei/noc_project/sim/build/integration-regression/baseline/patterns/data_write_burst""}",7342da1268809ec4b245322ee65a1c7353df27e801f0468db6aef384564ca292,build/integration-regression/reports/baseline/results/data_write_burst_auto_per_id_s1/data_write_burst.run.json,build/integration-regression/reports/baseline/results/data_write_burst_auto_per_id_s1/data_write_burst.log,T0,1000,1000,0,OKAY
C0-16,C0,data_write_single,auto,data,1,1,,0,PASS,29,0,1,0,0,"{""backpressure"": ""0"", ""capacity_test"": ""0"", ""case_name"": ""data_write_single"", ""concurrent_rw"": ""0"", ""data_case"": ""1"", ""hold_cycles"": ""0"", ""init_phase"": ""0"", ""min_outstanding"": ""1"", ""min_unique"": ""1"", ""reorder_test"": ""0"", ""seed"": ""1"", ""stall_cycles"": ""0"", ""stim_dir"": ""/home/mingwei/noc_project/sim/build/integration-regression/baseline/patterns/data_write_single""}",7342da1268809ec4b245322ee65a1c7353df27e801f0468db6aef384564ca292,build/integration-regression/reports/baseline/results/data_write_single_auto_per_id_s1/data_write_single.run.json,build/integration-regression/reports/baseline/results/data_write_single_auto_per_id_s1/data_write_single.log,T0,1000,1000,0,OKAY
C0-17,C0,hol_blocking,auto,control,1,1,,0,PASS,348,0,80,80,0,"{""backpressure"": ""0"", ""capacity_test"": ""0"", ""case_name"": ""hol_blocking"", ""concurrent_rw"": ""0"", ""data_case"": ""0"", ""hold_cycles"": ""0"", ""init_phase"": ""0"", ""min_outstanding"": ""1"", ""min_unique"": ""1"", ""reorder_test"": ""0"", ""seed"": ""1"", ""stall_cycles"": ""0"", ""stim_dir"": ""/home/mingwei/noc_project/sim/build/integration-regression/baseline/patterns/hol_blocking"", ""stress_test"": ""2""}",7342da1268809ec4b245322ee65a1c7353df27e801f0468db6aef384564ca292,build/integration-regression/reports/baseline/results/hol_blocking_auto_per_id_s1/hol_blocking.run.json,build/integration-regression/reports/baseline/results/hol_blocking_auto_per_id_s1/hol_blocking.log,T0,1000,1000,0,OKAY
C0-18,C0,hol_blocking,data,data,1,1,,0,PASS,343,0,80,80,0,"{""backpressure"": ""0"", ""capacity_test"": ""0"", ""case_name"": ""hol_blocking"", ""concurrent_rw"": ""0"", ""data_case"": ""1"", ""hold_cycles"": ""0"", ""init_phase"": ""0"", ""min_outstanding"": ""1"", ""min_unique"": ""1"", ""reorder_test"": ""0"", ""seed"": ""1"", ""stall_cycles"": ""0"", ""stim_dir"": ""/home/mingwei/noc_project/sim/build/integration-regression/baseline/patterns/data/hol_blocking"", ""stress_test"": ""2""}",7342da1268809ec4b245322ee65a1c7353df27e801f0468db6aef384564ca292,build/integration-regression/reports/baseline/results/hol_blocking_data_per_id_s1/hol_blocking.run.json,build/integration-regression/reports/baseline/results/hol_blocking_data_per_id_s1/hol_blocking.log,T0,1000,1000,0,OKAY
C0-19,C0,multi_id_out_of_order,auto,control,1,1,,1,PASS,2230,0,64,64,0,"{""backpressure"": ""0"", ""capacity_test"": ""0"", ""case_name"": ""multi_id_out_of_order_backpressure"", ""concurrent_rw"": ""0"", ""data_case"": ""0"", ""hold_cycles"": ""1024"", ""init_phase"": ""0"", ""min_outstanding"": ""2"", ""min_unique"": ""2"", ""reorder_test"": ""1"", ""seed"": ""1"", ""stall_cycles"": ""0"", ""stim_dir"": ""/home/mingwei/noc_project/sim/build/integration-regression/baseline/patterns/multi_id_out_of_order_backpressure""}",7342da1268809ec4b245322ee65a1c7353df27e801f0468db6aef384564ca292,build/integration-regression/reports/baseline/results/multi_id_out_of_order_auto_per_id_bp_s1/multi_id_out_of_order.run.json,build/integration-regression/reports/baseline/results/multi_id_out_of_order_auto_per_id_bp_s1/multi_id_out_of_order.log,T0,1000,1000,0,OKAY
C0-20,C0,multi_id_out_of_order,auto,control,1,1,,0,PASS,99,0,16,16,0,"{""backpressure"": ""0"", ""capacity_test"": ""0"", ""case_name"": ""multi_id_out_of_order"", ""concurrent_rw"": ""0"", ""data_case"": ""0"", ""hold_cycles"": ""0"", ""init_phase"": ""0"", ""min_outstanding"": ""2"", ""min_unique"": ""2"", ""reorder_test"": ""1"", ""seed"": ""1"", ""stall_cycles"": ""0"", ""stim_dir"": ""/home/mingwei/noc_project/sim/build/integration-regression/baseline/patterns/multi_id_out_of_order""}",7342da1268809ec4b245322ee65a1c7353df27e801f0468db6aef384564ca292,build/integration-regression/reports/baseline/results/multi_id_out_of_order_auto_per_id_s1/multi_id_out_of_order.run.json,build/integration-regression/reports/baseline/results/multi_id_out_of_order_auto_per_id_s1/multi_id_out_of_order.log,T0,1000,1000,0,OKAY
C0-21,C0,multi_id_outstanding,auto,control,1,1,,0,PASS,98,0,16,16,0,"{""backpressure"": ""0"", ""capacity_test"": ""0"", ""case_name"": ""multi_id_outstanding"", ""concurrent_rw"": ""0"", ""data_case"": ""0"", ""hold_cycles"": ""0"", ""init_phase"": ""0"", ""min_outstanding"": ""2"", ""min_unique"": ""2"", ""reorder_test"": ""0"", ""seed"": ""1"", ""stall_cycles"": ""0"", ""stim_dir"": ""/home/mingwei/noc_project/sim/build/integration-regression/baseline/patterns/multi_id_outstanding""}",7342da1268809ec4b245322ee65a1c7353df27e801f0468db6aef384564ca292,build/integration-regression/reports/baseline/results/multi_id_outstanding_auto_per_id_s1/multi_id_outstanding.run.json,build/integration-regression/reports/baseline/results/multi_id_outstanding_auto_per_id_s1/multi_id_outstanding.log,T0,1000,1000,0,OKAY
C0-22,C0,request_rand,auto,rand,1,1,,0,PASS,653,0,64,64,64,"{""backpressure"": ""0"", ""capacity_test"": ""0"", ""case_name"": ""request_rand"", ""concurrent_rw"": ""1"", ""data_case"": ""0"", ""hold_cycles"": ""0"", ""init_phase"": ""0"", ""min_outstanding"": ""2"", ""min_unique"": ""2"", ""reorder_test"": ""0"", ""seed"": ""1"", ""stall_cycles"": ""0"", ""stim_dir"": ""/home/mingwei/noc_project/sim/build/integration-regression/baseline/patterns/request_rand""}",7342da1268809ec4b245322ee65a1c7353df27e801f0468db6aef384564ca292,build/integration-regression/reports/baseline/results/request_rand_auto_per_id_s1/request_rand.run.json,build/integration-regression/reports/baseline/results/request_rand_auto_per_id_s1/request_rand.log,T0,1000,1000,0,OKAY
C0-23,C0,reset_recovery,auto,control,1,1,,0,PASS,216,0,8,8,0,"{""backpressure"": ""0"", ""capacity_test"": ""0"", ""case_name"": ""reset_recovery"", ""concurrent_rw"": ""0"", ""data_case"": ""0"", ""hold_cycles"": ""0"", ""init_phase"": ""0"", ""min_outstanding"": ""1"", ""min_unique"": ""1"", ""reorder_test"": ""0"", ""seed"": ""1"", ""stall_cycles"": ""0"", ""stim_dir"": ""/home/mingwei/noc_project/sim/build/integration-regression/baseline/patterns/reset_recovery"", ""stress_test"": ""3""}",7342da1268809ec4b245322ee65a1c7353df27e801f0468db6aef384564ca292,build/integration-regression/reports/baseline/results/reset_recovery_auto_per_id_s1/reset_recovery.run.json,build/integration-regression/reports/baseline/results/reset_recovery_auto_per_id_s1/reset_recovery.log,T0,1000,1000,0,OKAY
C0-24,C0,reset_recovery,auto,control,1,29,,0,PASS,203,0,8,8,0,"{""backpressure"": ""0"", ""capacity_test"": ""0"", ""case_name"": ""reset_recovery"", ""concurrent_rw"": ""0"", ""data_case"": ""0"", ""hold_cycles"": ""0"", ""init_phase"": ""0"", ""min_outstanding"": ""1"", ""min_unique"": ""1"", ""reorder_test"": ""0"", ""seed"": ""29"", ""stall_cycles"": ""0"", ""stim_dir"": ""/home/mingwei/noc_project/sim/build/integration-regression/baseline/patterns/reset_recovery"", ""stress_test"": ""3""}",7342da1268809ec4b245322ee65a1c7353df27e801f0468db6aef384564ca292,build/integration-regression/reports/baseline/results/reset_recovery_auto_per_id_s29/reset_recovery.run.json,build/integration-regression/reports/baseline/results/reset_recovery_auto_per_id_s29/reset_recovery.log,T0,1000,1000,0,OKAY
C0-25,C0,reset_recovery,data,data,1,17,,0,PASS,216,0,8,8,0,"{""backpressure"": ""0"", ""capacity_test"": ""0"", ""case_name"": ""reset_recovery"", ""concurrent_rw"": ""0"", ""data_case"": ""1"", ""hold_cycles"": ""0"", ""init_phase"": ""0"", ""min_outstanding"": ""1"", ""min_unique"": ""1"", ""reorder_test"": ""0"", ""seed"": ""17"", ""stall_cycles"": ""0"", ""stim_dir"": ""/home/mingwei/noc_project/sim/build/integration-regression/baseline/patterns/data/reset_recovery"", ""stress_test"": ""3""}",7342da1268809ec4b245322ee65a1c7353df27e801f0468db6aef384564ca292,build/integration-regression/reports/baseline/results/reset_recovery_data_per_id_s17/reset_recovery.run.json,build/integration-regression/reports/baseline/results/reset_recovery_data_per_id_s17/reset_recovery.log,T0,1000,1000,0,OKAY
C0-26,C0,single_id_outstanding,auto,control,1,1,,0,PASS,98,0,16,16,0,"{""backpressure"": ""0"", ""capacity_test"": ""0"", ""case_name"": ""single_id_outstanding"", ""concurrent_rw"": ""0"", ""data_case"": ""0"", ""hold_cycles"": ""0"", ""init_phase"": ""0"", ""min_outstanding"": ""2"", ""min_unique"": ""1"", ""reorder_test"": ""0"", ""seed"": ""1"", ""stall_cycles"": ""0"", ""stim_dir"": ""/home/mingwei/noc_project/sim/build/integration-regression/baseline/patterns/single_id_outstanding""}",7342da1268809ec4b245322ee65a1c7353df27e801f0468db6aef384564ca292,build/integration-regression/reports/baseline/results/single_id_outstanding_auto_per_id_s1/single_id_outstanding.run.json,build/integration-regression/reports/baseline/results/single_id_outstanding_auto_per_id_s1/single_id_outstanding.log,T0,1000,1000,0,OKAY
C0-27,C0,single_id_reorder,auto,control,1,1,,1,PASS,2227,0,64,64,0,"{""backpressure"": ""0"", ""capacity_test"": ""0"", ""case_name"": ""single_id_reorder_backpressure"", ""concurrent_rw"": ""0"", ""data_case"": ""0"", ""hold_cycles"": ""1024"", ""init_phase"": ""0"", ""min_outstanding"": ""2"", ""min_unique"": ""1"", ""reorder_test"": ""2"", ""seed"": ""1"", ""stall_cycles"": ""0"", ""stim_dir"": ""/home/mingwei/noc_project/sim/build/integration-regression/baseline/patterns/single_id_reorder_backpressure""}",7342da1268809ec4b245322ee65a1c7353df27e801f0468db6aef384564ca292,build/integration-regression/reports/baseline/results/single_id_reorder_auto_per_id_bp_s1/single_id_reorder.run.json,build/integration-regression/reports/baseline/results/single_id_reorder_auto_per_id_bp_s1/single_id_reorder.log,T0,1000,1000,0,OKAY
C0-28,C0,single_id_reorder,auto,control,1,1,,0,PASS,102,0,16,16,0,"{""backpressure"": ""0"", ""capacity_test"": ""0"", ""case_name"": ""single_id_reorder"", ""concurrent_rw"": ""0"", ""data_case"": ""0"", ""hold_cycles"": ""0"", ""init_phase"": ""0"", ""min_outstanding"": ""2"", ""min_unique"": ""1"", ""reorder_test"": ""2"", ""seed"": ""1"", ""stall_cycles"": ""0"", ""stim_dir"": ""/home/mingwei/noc_project/sim/build/integration-regression/baseline/patterns/single_id_reorder""}",7342da1268809ec4b245322ee65a1c7353df27e801f0468db6aef384564ca292,build/integration-regression/reports/baseline/results/single_id_reorder_auto_per_id_s1/single_id_reorder.run.json,build/integration-regression/reports/baseline/results/single_id_reorder_auto_per_id_s1/single_id_reorder.log,T0,1000,1000,0,OKAY
C0-29,C0,single_id_reorder,data,data,1,1,,1,PASS,2231,0,64,64,0,"{""backpressure"": ""0"", ""capacity_test"": ""0"", ""case_name"": ""single_id_reorder_backpressure"", ""concurrent_rw"": ""0"", ""data_case"": ""1"", ""hold_cycles"": ""1024"", ""init_phase"": ""0"", ""min_outstanding"": ""2"", ""min_unique"": ""1"", ""reorder_test"": ""2"", ""seed"": ""1"", ""stall_cycles"": ""0"", ""stim_dir"": ""/home/mingwei/noc_project/sim/build/integration-regression/baseline/patterns/data/single_id_reorder_backpressure""}",7342da1268809ec4b245322ee65a1c7353df27e801f0468db6aef384564ca292,build/integration-regression/reports/baseline/results/single_id_reorder_data_per_id_bp_s1/single_id_reorder.run.json,build/integration-regression/reports/baseline/results/single_id_reorder_data_per_id_bp_s1/single_id_reorder.log,T0,1000,1000,0,OKAY
C1-01,C1,capacity_reuse,control,control,1,1,context,0,PASS,17490,0,320,320,0,"{""backpressure"": ""0"", ""capacity_target"": ""context"", ""capacity_test"": ""1"", ""case_name"": ""capacity_reuse_context"", ""concurrent_rw"": ""0"", ""data_case"": ""0"", ""hold_cycles"": ""4096"", ""init_phase"": ""0"", ""min_outstanding"": ""1"", ""min_unique"": ""1"", ""reorder_test"": ""0"", ""seed"": ""1"", ""stall_cycles"": ""0"", ""stim_dir"": ""/home/mingwei/noc_project/sim/build/integration-regression/split/patterns/control/capacity_reuse_context"", ""stress_test"": ""1""}",54384dadbc02b045c7f409c725e5358b32e59c212ba13800b6e740591f110535,build/integration-regression/reports/split/results/capacity_reuse_control_context_s1/capacity_reuse.run.json,build/integration-regression/reports/split/results/capacity_reuse_control_context_s1/capacity_reuse.log,T0,1000,1000,0,OKAY
C1-02,C1,capacity_reuse,control,control,1,1,per_id,0,PASS,11862,0,320,320,0,"{""backpressure"": ""0"", ""capacity_target"": ""per_id"", ""capacity_test"": ""1"", ""case_name"": ""capacity_reuse_per_id"", ""concurrent_rw"": ""0"", ""data_case"": ""0"", ""hold_cycles"": ""4096"", ""init_phase"": ""0"", ""min_outstanding"": ""1"", ""min_unique"": ""1"", ""reorder_test"": ""0"", ""seed"": ""1"", ""stall_cycles"": ""0"", ""stim_dir"": ""/home/mingwei/noc_project/sim/build/integration-regression/split/patterns/control/capacity_reuse_per_id"", ""stress_test"": ""1""}",54384dadbc02b045c7f409c725e5358b32e59c212ba13800b6e740591f110535,build/integration-regression/reports/split/results/capacity_reuse_control_per_id_s1/capacity_reuse.run.json,build/integration-regression/reports/split/results/capacity_reuse_control_per_id_s1/capacity_reuse.log,T0,1000,1000,0,OKAY
C1-03,C1,capacity_reuse,data,data,1,1,context,0,PASS,17494,0,320,320,0,"{""backpressure"": ""0"", ""capacity_target"": ""context"", ""capacity_test"": ""1"", ""case_name"": ""capacity_reuse_context"", ""concurrent_rw"": ""0"", ""data_case"": ""1"", ""hold_cycles"": ""4096"", ""init_phase"": ""0"", ""min_outstanding"": ""1"", ""min_unique"": ""1"", ""reorder_test"": ""0"", ""seed"": ""1"", ""stall_cycles"": ""0"", ""stim_dir"": ""/home/mingwei/noc_project/sim/build/integration-regression/split/patterns/data/capacity_reuse_context"", ""stress_test"": ""1""}",54384dadbc02b045c7f409c725e5358b32e59c212ba13800b6e740591f110535,build/integration-regression/reports/split/results/capacity_reuse_data_context_s1/capacity_reuse.run.json,build/integration-regression/reports/split/results/capacity_reuse_data_context_s1/capacity_reuse.log,T0,1000,1000,0,OKAY
C1-04,C1,capacity_reuse,data,data,1,1,per_id,0,PASS,12180,0,320,320,0,"{""backpressure"": ""0"", ""capacity_target"": ""per_id"", ""capacity_test"": ""1"", ""case_name"": ""capacity_reuse_per_id"", ""concurrent_rw"": ""0"", ""data_case"": ""1"", ""hold_cycles"": ""4096"", ""init_phase"": ""0"", ""min_outstanding"": ""1"", ""min_unique"": ""1"", ""reorder_test"": ""0"", ""seed"": ""1"", ""stall_cycles"": ""0"", ""stim_dir"": ""/home/mingwei/noc_project/sim/build/integration-regression/split/patterns/data/capacity_reuse_per_id"", ""stress_test"": ""1""}",54384dadbc02b045c7f409c725e5358b32e59c212ba13800b6e740591f110535,build/integration-regression/reports/split/results/capacity_reuse_data_per_id_s1/capacity_reuse.run.json,build/integration-regression/reports/split/results/capacity_reuse_data_per_id_s1/capacity_reuse.log,T0,1000,1000,0,OKAY
C1-05,C1,hol_blocking,control,control,1,1,,0,PASS,507,0,80,80,0,"{""backpressure"": ""0"", ""capacity_test"": ""0"", ""case_name"": ""hol_blocking"", ""concurrent_rw"": ""0"", ""data_case"": ""0"", ""hold_cycles"": ""0"", ""init_phase"": ""0"", ""min_outstanding"": ""1"", ""min_unique"": ""1"", ""reorder_test"": ""0"", ""seed"": ""1"", ""stall_cycles"": ""0"", ""stim_dir"": ""/home/mingwei/noc_project/sim/build/integration-regression/split/patterns/control/hol_blocking"", ""stress_test"": ""2""}",54384dadbc02b045c7f409c725e5358b32e59c212ba13800b6e740591f110535,build/integration-regression/reports/split/results/hol_blocking_control_per_id_s1/hol_blocking.run.json,build/integration-regression/reports/split/results/hol_blocking_control_per_id_s1/hol_blocking.log,T0,1000,1000,0,OKAY
C1-06,C1,hol_blocking,data,data,1,1,,0,PASS,519,0,80,80,0,"{""backpressure"": ""0"", ""capacity_test"": ""0"", ""case_name"": ""hol_blocking"", ""concurrent_rw"": ""0"", ""data_case"": ""1"", ""hold_cycles"": ""0"", ""init_phase"": ""0"", ""min_outstanding"": ""1"", ""min_unique"": ""1"", ""reorder_test"": ""0"", ""seed"": ""1"", ""stall_cycles"": ""0"", ""stim_dir"": ""/home/mingwei/noc_project/sim/build/integration-regression/split/patterns/data/hol_blocking"", ""stress_test"": ""2""}",54384dadbc02b045c7f409c725e5358b32e59c212ba13800b6e740591f110535,build/integration-regression/reports/split/results/hol_blocking_data_per_id_s1/hol_blocking.run.json,build/integration-regression/reports/split/results/hol_blocking_data_per_id_s1/hol_blocking.log,T0,1000,1000,0,OKAY
C1-07,C1,multi_id_out_of_order,control,control,1,1,,1,PASS,2299,0,64,64,0,"{""backpressure"": ""0"", ""capacity_test"": ""0"", ""case_name"": ""multi_id_out_of_order_backpressure"", ""concurrent_rw"": ""0"", ""data_case"": ""0"", ""hold_cycles"": ""1024"", ""init_phase"": ""0"", ""min_outstanding"": ""2"", ""min_unique"": ""2"", ""reorder_test"": ""1"", ""seed"": ""1"", ""stall_cycles"": ""0"", ""stim_dir"": ""/home/mingwei/noc_project/sim/build/integration-regression/split/patterns/control/multi_id_out_of_order_backpressure""}",54384dadbc02b045c7f409c725e5358b32e59c212ba13800b6e740591f110535,build/integration-regression/reports/split/results/multi_id_out_of_order_control_per_id_bp_s1/multi_id_out_of_order.run.json,build/integration-regression/reports/split/results/multi_id_out_of_order_control_per_id_bp_s1/multi_id_out_of_order.log,T0,1000,1000,0,OKAY
C1-08,C1,multi_id_out_of_order,data,data,1,1,,1,PASS,2303,0,64,64,0,"{""backpressure"": ""0"", ""capacity_test"": ""0"", ""case_name"": ""multi_id_out_of_order_backpressure"", ""concurrent_rw"": ""0"", ""data_case"": ""1"", ""hold_cycles"": ""1024"", ""init_phase"": ""0"", ""min_outstanding"": ""2"", ""min_unique"": ""2"", ""reorder_test"": ""1"", ""seed"": ""1"", ""stall_cycles"": ""0"", ""stim_dir"": ""/home/mingwei/noc_project/sim/build/integration-regression/split/patterns/data/multi_id_out_of_order_backpressure""}",54384dadbc02b045c7f409c725e5358b32e59c212ba13800b6e740591f110535,build/integration-regression/reports/split/results/multi_id_out_of_order_data_per_id_bp_s1/multi_id_out_of_order.run.json,build/integration-regression/reports/split/results/multi_id_out_of_order_data_per_id_bp_s1/multi_id_out_of_order.log,T0,1000,1000,0,OKAY
C1-09,C1,request_rand,auto,rand,1,1,,0,PASS,887,0,64,64,64,"{""backpressure"": ""0"", ""capacity_test"": ""0"", ""case_name"": ""request_rand"", ""concurrent_rw"": ""1"", ""data_case"": ""0"", ""hold_cycles"": ""0"", ""init_phase"": ""0"", ""min_outstanding"": ""2"", ""min_unique"": ""2"", ""reorder_test"": ""0"", ""seed"": ""1"", ""stall_cycles"": ""0"", ""stim_dir"": ""/home/mingwei/noc_project/sim/build/integration-regression/split/patterns/request_rand""}",54384dadbc02b045c7f409c725e5358b32e59c212ba13800b6e740591f110535,build/integration-regression/reports/split/results/request_rand_auto_per_id_s1/request_rand.run.json,build/integration-regression/reports/split/results/request_rand_auto_per_id_s1/request_rand.log,T0,1000,1000,0,OKAY
C1-10,C1,single_id_reorder,control,control,1,1,,1,PASS,2854,0,64,64,0,"{""backpressure"": ""0"", ""capacity_test"": ""0"", ""case_name"": ""single_id_reorder_backpressure"", ""concurrent_rw"": ""0"", ""data_case"": ""0"", ""hold_cycles"": ""1024"", ""init_phase"": ""0"", ""min_outstanding"": ""2"", ""min_unique"": ""1"", ""reorder_test"": ""2"", ""seed"": ""1"", ""stall_cycles"": ""0"", ""stim_dir"": ""/home/mingwei/noc_project/sim/build/integration-regression/split/patterns/control/single_id_reorder_backpressure""}",54384dadbc02b045c7f409c725e5358b32e59c212ba13800b6e740591f110535,build/integration-regression/reports/split/results/single_id_reorder_control_per_id_bp_s1/single_id_reorder.run.json,build/integration-regression/reports/split/results/single_id_reorder_control_per_id_bp_s1/single_id_reorder.log,T0,1000,1000,0,OKAY
C1-11,C1,single_id_reorder,data,data,1,1,,1,PASS,2953,0,64,64,0,"{""backpressure"": ""0"", ""capacity_test"": ""0"", ""case_name"": ""single_id_reorder_backpressure"", ""concurrent_rw"": ""0"", ""data_case"": ""1"", ""hold_cycles"": ""1024"", ""init_phase"": ""0"", ""min_outstanding"": ""2"", ""min_unique"": ""1"", ""reorder_test"": ""2"", ""seed"": ""1"", ""stall_cycles"": ""0"", ""stim_dir"": ""/home/mingwei/noc_project/sim/build/integration-regression/split/patterns/data/single_id_reorder_backpressure""}",54384dadbc02b045c7f409c725e5358b32e59c212ba13800b6e740591f110535,build/integration-regression/reports/split/results/single_id_reorder_data_per_id_bp_s1/single_id_reorder.run.json,build/integration-regression/reports/split/results/single_id_reorder_data_per_id_bp_s1/single_id_reorder.log,T0,1000,1000,0,OKAY
C2-01,C2,capacity_reuse,control,control,1,1,context,0,PASS,17368,0,320,320,0,"{""backpressure"": ""0"", ""capacity_target"": ""context"", ""capacity_test"": ""1"", ""case_name"": ""capacity_reuse_context"", ""concurrent_rw"": ""0"", ""data_case"": ""0"", ""hold_cycles"": ""4096"", ""init_phase"": ""0"", ""min_outstanding"": ""1"", ""min_unique"": ""1"", ""reorder_test"": ""0"", ""seed"": ""1"", ""stall_cycles"": ""0"", ""stim_dir"": ""/home/mingwei/noc_project/sim/build/integration-regression/robless/patterns/control/capacity_reuse_context"", ""stress_test"": ""1""}",397c4f3f2460c363c24ef11288d04d305ea68e6c5716afbcd8036c5592bb2467,build/integration-regression/reports/robless/results/capacity_reuse_control_context_s1/capacity_reuse.run.json,build/integration-regression/reports/robless/results/capacity_reuse_control_context_s1/capacity_reuse.log,T0,1000,1000,0,OKAY
C2-02,C2,capacity_reuse,data,data,1,1,context,0,PASS,17427,0,320,320,0,"{""backpressure"": ""0"", ""capacity_target"": ""context"", ""capacity_test"": ""1"", ""case_name"": ""capacity_reuse_context"", ""concurrent_rw"": ""0"", ""data_case"": ""1"", ""hold_cycles"": ""4096"", ""init_phase"": ""0"", ""min_outstanding"": ""1"", ""min_unique"": ""1"", ""reorder_test"": ""0"", ""seed"": ""1"", ""stall_cycles"": ""0"", ""stim_dir"": ""/home/mingwei/noc_project/sim/build/integration-regression/robless/patterns/data/capacity_reuse_context"", ""stress_test"": ""1""}",397c4f3f2460c363c24ef11288d04d305ea68e6c5716afbcd8036c5592bb2467,build/integration-regression/reports/robless/results/capacity_reuse_data_context_s1/capacity_reuse.run.json,build/integration-regression/reports/robless/results/capacity_reuse_data_context_s1/capacity_reuse.log,T0,1000,1000,0,OKAY
C2-03,C2,multi_id_out_of_order,data,data,1,1,,0,PASS,142,0,16,16,0,"{""backpressure"": ""0"", ""capacity_test"": ""0"", ""case_name"": ""multi_id_out_of_order"", ""concurrent_rw"": ""0"", ""data_case"": ""1"", ""hold_cycles"": ""0"", ""init_phase"": ""0"", ""min_outstanding"": ""2"", ""min_unique"": ""2"", ""reorder_test"": ""1"", ""seed"": ""1"", ""stall_cycles"": ""0"", ""stim_dir"": ""/home/mingwei/noc_project/sim/build/integration-regression/robless/patterns/data/multi_id_out_of_order""}",397c4f3f2460c363c24ef11288d04d305ea68e6c5716afbcd8036c5592bb2467,build/integration-regression/reports/robless/results/multi_id_out_of_order_data_per_id_s1/multi_id_out_of_order.run.json,build/integration-regression/reports/robless/results/multi_id_out_of_order_data_per_id_s1/multi_id_out_of_order.log,T0,1000,1000,0,OKAY
C2-04,C2,request_rand,auto,rand,1,1,,0,PASS,1404,0,64,64,64,"{""backpressure"": ""0"", ""capacity_test"": ""0"", ""case_name"": ""request_rand"", ""concurrent_rw"": ""1"", ""data_case"": ""0"", ""hold_cycles"": ""0"", ""init_phase"": ""0"", ""min_outstanding"": ""2"", ""min_unique"": ""2"", ""reorder_test"": ""0"", ""seed"": ""1"", ""stall_cycles"": ""0"", ""stim_dir"": ""/home/mingwei/noc_project/sim/build/integration-regression/robless/patterns/request_rand""}",397c4f3f2460c363c24ef11288d04d305ea68e6c5716afbcd8036c5592bb2467,build/integration-regression/reports/robless/results/request_rand_auto_per_id_s1/request_rand.run.json,build/integration-regression/reports/robless/results/request_rand_auto_per_id_s1/request_rand.log,T0,1000,1000,0,OKAY
C2-05,C2,reset_recovery,data,data,1,1,,0,PASS,199,0,8,8,0,"{""backpressure"": ""0"", ""capacity_test"": ""0"", ""case_name"": ""reset_recovery"", ""concurrent_rw"": ""0"", ""data_case"": ""1"", ""hold_cycles"": ""0"", ""init_phase"": ""0"", ""min_outstanding"": ""1"", ""min_unique"": ""1"", ""reorder_test"": ""0"", ""seed"": ""1"", ""stall_cycles"": ""0"", ""stim_dir"": ""/home/mingwei/noc_project/sim/build/integration-regression/robless/patterns/data/reset_recovery"", ""stress_test"": ""3""}",397c4f3f2460c363c24ef11288d04d305ea68e6c5716afbcd8036c5592bb2467,build/integration-regression/reports/robless/results/reset_recovery_data_per_id_s1/reset_recovery.run.json,build/integration-regression/reports/robless/results/reset_recovery_data_per_id_s1/reset_recovery.log,T0,1000,1000,0,OKAY
C2-06,C2,single_id_reorder,control,control,1,1,,0,PASS,444,0,16,16,0,"{""backpressure"": ""0"", ""capacity_test"": ""0"", ""case_name"": ""single_id_reorder"", ""concurrent_rw"": ""0"", ""data_case"": ""0"", ""hold_cycles"": ""0"", ""init_phase"": ""0"", ""min_outstanding"": ""2"", ""min_unique"": ""1"", ""reorder_test"": ""2"", ""seed"": ""1"", ""stall_cycles"": ""0"", ""stim_dir"": ""/home/mingwei/noc_project/sim/build/integration-regression/robless/patterns/control/single_id_reorder""}",397c4f3f2460c363c24ef11288d04d305ea68e6c5716afbcd8036c5592bb2467,build/integration-regression/reports/robless/results/single_id_reorder_control_per_id_s1/single_id_reorder.run.json,build/integration-regression/reports/robless/results/single_id_reorder_control_per_id_s1/single_id_reorder.log,T0,1000,1000,0,OKAY
C2-07,C2,single_id_reorder,data,data,1,1,,0,PASS,478,0,16,16,0,"{""backpressure"": ""0"", ""capacity_test"": ""0"", ""case_name"": ""single_id_reorder"", ""concurrent_rw"": ""0"", ""data_case"": ""1"", ""hold_cycles"": ""0"", ""init_phase"": ""0"", ""min_outstanding"": ""2"", ""min_unique"": ""1"", ""reorder_test"": ""2"", ""seed"": ""1"", ""stall_cycles"": ""0"", ""stim_dir"": ""/home/mingwei/noc_project/sim/build/integration-regression/robless/patterns/data/single_id_reorder""}",397c4f3f2460c363c24ef11288d04d305ea68e6c5716afbcd8036c5592bb2467,build/integration-regression/reports/robless/results/single_id_reorder_data_per_id_s1/single_id_reorder.run.json,build/integration-regression/reports/robless/results/single_id_reorder_data_per_id_s1/single_id_reorder.log,T0,1000,1000,0,OKAY
C3-01,C3,capacity_reuse,control,control,1,1,rob,0,PASS,17517,0,320,320,0,"{""backpressure"": ""0"", ""capacity_target"": ""rob"", ""capacity_test"": ""1"", ""case_name"": ""capacity_reuse_rob"", ""concurrent_rw"": ""0"", ""data_case"": ""0"", ""hold_cycles"": ""4096"", ""init_phase"": ""0"", ""min_outstanding"": ""1"", ""min_unique"": ""1"", ""reorder_test"": ""0"", ""seed"": ""1"", ""stall_cycles"": ""0"", ""stim_dir"": ""/home/mingwei/noc_project/sim/build/integration-regression/small_rob/patterns/control/capacity_reuse_rob"", ""stress_test"": ""1""}",95756fe48c613800421596a2e185060fa5f2917d5b59a90719bdb3a87e3899e9,build/integration-regression/reports/small_rob/results/capacity_reuse_control_rob_s1/capacity_reuse.run.json,build/integration-regression/reports/small_rob/results/capacity_reuse_control_rob_s1/capacity_reuse.log,T0,1000,1000,0,OKAY
C3-02,C3,capacity_reuse,data,data,1,1,rob,0,PASS,18698,0,320,320,0,"{""backpressure"": ""0"", ""capacity_target"": ""rob"", ""capacity_test"": ""1"", ""case_name"": ""capacity_reuse_rob"", ""concurrent_rw"": ""0"", ""data_case"": ""1"", ""hold_cycles"": ""4096"", ""init_phase"": ""0"", ""min_outstanding"": ""1"", ""min_unique"": ""1"", ""reorder_test"": ""0"", ""seed"": ""1"", ""stall_cycles"": ""0"", ""stim_dir"": ""/home/mingwei/noc_project/sim/build/integration-regression/small_rob/patterns/data/capacity_reuse_rob"", ""stress_test"": ""1""}",95756fe48c613800421596a2e185060fa5f2917d5b59a90719bdb3a87e3899e9,build/integration-regression/reports/small_rob/results/capacity_reuse_data_rob_s1/capacity_reuse.run.json,build/integration-regression/reports/small_rob/results/capacity_reuse_data_rob_s1/capacity_reuse.log,T0,1000,1000,0,OKAY
C3-03,C3,data_read_burst,auto,data,1,1,,0,PASS,638,0,0,11,0,"{""backpressure"": ""0"", ""capacity_test"": ""0"", ""case_name"": ""data_read_burst"", ""concurrent_rw"": ""0"", ""data_case"": ""1"", ""hold_cycles"": ""0"", ""init_phase"": ""0"", ""min_outstanding"": ""1"", ""min_unique"": ""1"", ""reorder_test"": ""0"", ""seed"": ""1"", ""stall_cycles"": ""0"", ""stim_dir"": ""/home/mingwei/noc_project/sim/build/integration-regression/small_rob/patterns/data_read_burst""}",95756fe48c613800421596a2e185060fa5f2917d5b59a90719bdb3a87e3899e9,build/integration-regression/reports/small_rob/results/data_read_burst_auto_per_id_s1/data_read_burst.run.json,build/integration-regression/reports/small_rob/results/data_read_burst_auto_per_id_s1/data_read_burst.log,T0,1000,1000,0,OKAY
C3-04,C3,data_write_burst,auto,data,1,1,,0,PASS,543,0,11,0,0,"{""backpressure"": ""0"", ""capacity_test"": ""0"", ""case_name"": ""data_write_burst"", ""concurrent_rw"": ""0"", ""data_case"": ""1"", ""hold_cycles"": ""0"", ""init_phase"": ""0"", ""min_outstanding"": ""1"", ""min_unique"": ""1"", ""reorder_test"": ""0"", ""seed"": ""1"", ""stall_cycles"": ""0"", ""stim_dir"": ""/home/mingwei/noc_project/sim/build/integration-regression/small_rob/patterns/data_write_burst""}",95756fe48c613800421596a2e185060fa5f2917d5b59a90719bdb3a87e3899e9,build/integration-regression/reports/small_rob/results/data_write_burst_auto_per_id_s1/data_write_burst.run.json,build/integration-regression/reports/small_rob/results/data_write_burst_auto_per_id_s1/data_write_burst.log,T0,1000,1000,0,OKAY
C3-05,C3,multi_id_out_of_order,control,control,1,1,,1,PASS,2230,0,64,64,0,"{""backpressure"": ""0"", ""capacity_test"": ""0"", ""case_name"": ""multi_id_out_of_order_backpressure"", ""concurrent_rw"": ""0"", ""data_case"": ""0"", ""hold_cycles"": ""1024"", ""init_phase"": ""0"", ""min_outstanding"": ""2"", ""min_unique"": ""2"", ""reorder_test"": ""1"", ""seed"": ""1"", ""stall_cycles"": ""0"", ""stim_dir"": ""/home/mingwei/noc_project/sim/build/integration-regression/small_rob/patterns/control/multi_id_out_of_order_backpressure""}",95756fe48c613800421596a2e185060fa5f2917d5b59a90719bdb3a87e3899e9,build/integration-regression/reports/small_rob/results/multi_id_out_of_order_control_per_id_bp_s1/multi_id_out_of_order.run.json,build/integration-regression/reports/small_rob/results/multi_id_out_of_order_control_per_id_bp_s1/multi_id_out_of_order.log,T0,1000,1000,0,OKAY
C3-06,C3,multi_id_out_of_order,data,data,1,1,,1,PASS,2250,0,64,64,0,"{""backpressure"": ""0"", ""capacity_test"": ""0"", ""case_name"": ""multi_id_out_of_order_backpressure"", ""concurrent_rw"": ""0"", ""data_case"": ""1"", ""hold_cycles"": ""1024"", ""init_phase"": ""0"", ""min_outstanding"": ""2"", ""min_unique"": ""2"", ""reorder_test"": ""1"", ""seed"": ""1"", ""stall_cycles"": ""0"", ""stim_dir"": ""/home/mingwei/noc_project/sim/build/integration-regression/small_rob/patterns/data/multi_id_out_of_order_backpressure""}",95756fe48c613800421596a2e185060fa5f2917d5b59a90719bdb3a87e3899e9,build/integration-regression/reports/small_rob/results/multi_id_out_of_order_data_per_id_bp_s1/multi_id_out_of_order.run.json,build/integration-regression/reports/small_rob/results/multi_id_out_of_order_data_per_id_bp_s1/multi_id_out_of_order.log,T0,1000,1000,0,OKAY
C3-07,C3,request_rand,auto,rand,1,1,,0,PASS,998,0,64,64,64,"{""backpressure"": ""0"", ""capacity_test"": ""0"", ""case_name"": ""request_rand"", ""concurrent_rw"": ""1"", ""data_case"": ""0"", ""hold_cycles"": ""0"", ""init_phase"": ""0"", ""min_outstanding"": ""2"", ""min_unique"": ""2"", ""reorder_test"": ""0"", ""seed"": ""1"", ""stall_cycles"": ""0"", ""stim_dir"": ""/home/mingwei/noc_project/sim/build/integration-regression/small_rob/patterns/request_rand""}",95756fe48c613800421596a2e185060fa5f2917d5b59a90719bdb3a87e3899e9,build/integration-regression/reports/small_rob/results/request_rand_auto_per_id_s1/request_rand.run.json,build/integration-regression/reports/small_rob/results/request_rand_auto_per_id_s1/request_rand.log,T0,1000,1000,0,OKAY
C3-08,C3,single_id_reorder,control,control,1,1,,1,PASS,2374,0,64,64,0,"{""backpressure"": ""0"", ""capacity_test"": ""0"", ""case_name"": ""single_id_reorder_backpressure"", ""concurrent_rw"": ""0"", ""data_case"": ""0"", ""hold_cycles"": ""1024"", ""init_phase"": ""0"", ""min_outstanding"": ""2"", ""min_unique"": ""1"", ""reorder_test"": ""2"", ""seed"": ""1"", ""stall_cycles"": ""0"", ""stim_dir"": ""/home/mingwei/noc_project/sim/build/integration-regression/small_rob/patterns/control/single_id_reorder_backpressure""}",95756fe48c613800421596a2e185060fa5f2917d5b59a90719bdb3a87e3899e9,build/integration-regression/reports/small_rob/results/single_id_reorder_control_per_id_bp_s1/single_id_reorder.run.json,build/integration-regression/reports/small_rob/results/single_id_reorder_control_per_id_bp_s1/single_id_reorder.log,T0,1000,1000,0,OKAY
C3-09,C3,single_id_reorder,data,data,1,1,,1,PASS,2461,0,64,64,0,"{""backpressure"": ""0"", ""capacity_test"": ""0"", ""case_name"": ""single_id_reorder_backpressure"", ""concurrent_rw"": ""0"", ""data_case"": ""1"", ""hold_cycles"": ""1024"", ""init_phase"": ""0"", ""min_outstanding"": ""2"", ""min_unique"": ""1"", ""reorder_test"": ""2"", ""seed"": ""1"", ""stall_cycles"": ""0"", ""stim_dir"": ""/home/mingwei/noc_project/sim/build/integration-regression/small_rob/patterns/data/single_id_reorder_backpressure""}",95756fe48c613800421596a2e185060fa5f2917d5b59a90719bdb3a87e3899e9,build/integration-regression/reports/small_rob/results/single_id_reorder_data_per_id_bp_s1/single_id_reorder.run.json,build/integration-regression/reports/small_rob/results/single_id_reorder_data_per_id_bp_s1/single_id_reorder.log,T0,1000,1000,0,OKAY
C0-B01,C0,ctrl_write_burst,control,control,1,1,,0,PASS,32149,0,240,0,0,"{""backpressure"": ""0"", ""capacity_test"": ""0"", ""case_name"": ""ctrl_write_burst"", ""concurrent_rw"": ""0"", ""data_case"": ""0"", ""hold_cycles"": ""0"", ""init_phase"": ""0"", ""min_outstanding"": ""1"", ""min_unique"": ""1"", ""reorder_test"": ""0"", ""seed"": ""1"", ""stall_cycles"": ""0"", ""stim_dir"": ""/home/mingwei/noc_project/sim/build/burst-sweep-20261003/patterns/ctrl_write_burst""}",7342da1268809ec4b245322ee65a1c7353df27e801f0468db6aef384564ca292,build/verification-assessment/burst-sweep/reports/results/ctrl_write_burst/ctrl_write_burst.run.json,build/verification-assessment/burst-sweep/reports/results/ctrl_write_burst/ctrl_write_burst.log,T0,1000,1000,0,OKAY
C0-B02,C0,ctrl_read_burst,control,control,1,1,,0,PASS,31909,0,0,240,0,"{""backpressure"": ""0"", ""capacity_test"": ""0"", ""case_name"": ""ctrl_read_burst"", ""concurrent_rw"": ""0"", ""data_case"": ""0"", ""hold_cycles"": ""0"", ""init_phase"": ""0"", ""min_outstanding"": ""1"", ""min_unique"": ""1"", ""reorder_test"": ""0"", ""seed"": ""1"", ""stall_cycles"": ""0"", ""stim_dir"": ""/home/mingwei/noc_project/sim/build/burst-sweep-20261003/patterns/ctrl_read_burst""}",7342da1268809ec4b245322ee65a1c7353df27e801f0468db6aef384564ca292,build/verification-assessment/burst-sweep/reports/results/ctrl_read_burst/ctrl_read_burst.run.json,build/verification-assessment/burst-sweep/reports/results/ctrl_read_burst/ctrl_read_burst.log,T0,1000,1000,0,OKAY
C0-B03,C0,data_write_burst,data,data,1,1,,0,PASS,1913,0,52,0,0,"{""backpressure"": ""0"", ""capacity_test"": ""0"", ""case_name"": ""data_write_burst"", ""concurrent_rw"": ""0"", ""data_case"": ""1"", ""hold_cycles"": ""0"", ""init_phase"": ""0"", ""min_outstanding"": ""1"", ""min_unique"": ""1"", ""reorder_test"": ""0"", ""seed"": ""1"", ""stall_cycles"": ""0"", ""stim_dir"": ""/home/mingwei/noc_project/sim/build/burst-sweep-20261003/patterns/data_write_burst""}",7342da1268809ec4b245322ee65a1c7353df27e801f0468db6aef384564ca292,build/verification-assessment/burst-sweep/reports/results/data_write_burst/data_write_burst.run.json,build/verification-assessment/burst-sweep/reports/results/data_write_burst/data_write_burst.log,T0,1000,1000,0,OKAY
C0-B04,C0,data_read_burst,data,data,1,1,,0,PASS,1861,0,0,52,0,"{""backpressure"": ""0"", ""capacity_test"": ""0"", ""case_name"": ""data_read_burst"", ""concurrent_rw"": ""0"", ""data_case"": ""1"", ""hold_cycles"": ""0"", ""init_phase"": ""0"", ""min_outstanding"": ""1"", ""min_unique"": ""1"", ""reorder_test"": ""0"", ""seed"": ""1"", ""stall_cycles"": ""0"", ""stim_dir"": ""/home/mingwei/noc_project/sim/build/burst-sweep-20261003/patterns/data_read_burst""}",7342da1268809ec4b245322ee65a1c7353df27e801f0468db6aef384564ca292,build/verification-assessment/burst-sweep/reports/results/data_read_burst/data_read_burst.run.json,build/verification-assessment/burst-sweep/reports/results/data_read_burst/data_read_burst.log,T0,1000,1000,0,OKAY
C0-S01,C0,ctrl_rand,auto,control,1,1,,0,PASS,530,0,120,120,120,"{""backpressure"": ""0"", ""capacity_test"": ""0"", ""case_name"": ""ctrl_rand"", ""concurrent_rw"": ""1"", ""data_case"": ""0"", ""hold_cycles"": ""0"", ""init_phase"": ""0"", ""min_outstanding"": ""1"", ""min_unique"": ""1"", ""reorder_test"": ""0"", ""seed"": ""1"", ""stall_cycles"": ""0"", ""stim_dir"": ""/home/mingwei/noc_project/sim/build/issue7-stimulus-20261003-r2/control_lanes_full/patterns/ctrl_rand""}",7342da1268809ec4b245322ee65a1c7353df27e801f0468db6aef384564ca292,build/issue7/stimulus-evidence/reports/results/control_lanes_full/ctrl_rand.run.json,build/issue7/stimulus-evidence/reports/results/control_lanes_full/ctrl_rand.log,T0,1000,1000,0,OKAY
C0-S02,C0,ctrl_rand,auto,control,1,1,,0,PASS,530,0,120,120,120,"{""backpressure"": ""0"", ""capacity_test"": ""0"", ""case_name"": ""ctrl_rand"", ""concurrent_rw"": ""1"", ""data_case"": ""0"", ""hold_cycles"": ""0"", ""init_phase"": ""0"", ""min_outstanding"": ""1"", ""min_unique"": ""1"", ""reorder_test"": ""0"", ""seed"": ""1"", ""stall_cycles"": ""0"", ""stim_dir"": ""/home/mingwei/noc_project/sim/build/issue7-stimulus-20261003-r2/control_lanes_partial/patterns/ctrl_rand""}",7342da1268809ec4b245322ee65a1c7353df27e801f0468db6aef384564ca292,build/issue7/stimulus-evidence/reports/results/control_lanes_partial/ctrl_rand.run.json,build/issue7/stimulus-evidence/reports/results/control_lanes_partial/ctrl_rand.log,T0,1000,1000,0,OKAY
C0-S03,C0,ctrl_rand,auto,control,1,1,,0,PASS,530,0,120,120,120,"{""backpressure"": ""0"", ""capacity_test"": ""0"", ""case_name"": ""ctrl_rand"", ""concurrent_rw"": ""1"", ""data_case"": ""0"", ""hold_cycles"": ""0"", ""init_phase"": ""0"", ""min_outstanding"": ""1"", ""min_unique"": ""1"", ""reorder_test"": ""0"", ""seed"": ""1"", ""stall_cycles"": ""0"", ""stim_dir"": ""/home/mingwei/noc_project/sim/build/issue7-stimulus-20261003-r2/control_lanes_zero/patterns/ctrl_rand""}",7342da1268809ec4b245322ee65a1c7353df27e801f0468db6aef384564ca292,build/issue7/stimulus-evidence/reports/results/control_lanes_zero/ctrl_rand.run.json,build/issue7/stimulus-evidence/reports/results/control_lanes_zero/ctrl_rand.log,T0,1000,1000,0,OKAY
C0-S04,C0,data_rand,auto,data,1,1,,0,PASS,435,0,127,127,127,"{""backpressure"": ""0"", ""capacity_test"": ""0"", ""case_name"": ""data_rand"", ""concurrent_rw"": ""1"", ""data_case"": ""1"", ""hold_cycles"": ""0"", ""init_phase"": ""0"", ""min_outstanding"": ""1"", ""min_unique"": ""1"", ""reorder_test"": ""0"", ""seed"": ""1"", ""stall_cycles"": ""0"", ""stim_dir"": ""/home/mingwei/noc_project/sim/build/issue7-stimulus-20261003-r2/data_lanes_full/patterns/data_rand""}",7342da1268809ec4b245322ee65a1c7353df27e801f0468db6aef384564ca292,build/issue7/stimulus-evidence/reports/results/data_lanes_full/data_rand.run.json,build/issue7/stimulus-evidence/reports/results/data_lanes_full/data_rand.log,T0,1000,1000,0,OKAY
C0-S05,C0,data_rand,auto,data,1,1,,0,PASS,435,0,127,127,127,"{""backpressure"": ""0"", ""capacity_test"": ""0"", ""case_name"": ""data_rand"", ""concurrent_rw"": ""1"", ""data_case"": ""1"", ""hold_cycles"": ""0"", ""init_phase"": ""0"", ""min_outstanding"": ""1"", ""min_unique"": ""1"", ""reorder_test"": ""0"", ""seed"": ""1"", ""stall_cycles"": ""0"", ""stim_dir"": ""/home/mingwei/noc_project/sim/build/issue7-stimulus-20261003-r2/data_lanes_partial/patterns/data_rand""}",7342da1268809ec4b245322ee65a1c7353df27e801f0468db6aef384564ca292,build/issue7/stimulus-evidence/reports/results/data_lanes_partial/data_rand.run.json,build/issue7/stimulus-evidence/reports/results/data_lanes_partial/data_rand.log,T0,1000,1000,0,OKAY
C0-S06,C0,data_rand,auto,data,1,1,,0,PASS,435,0,127,127,127,"{""backpressure"": ""0"", ""capacity_test"": ""0"", ""case_name"": ""data_rand"", ""concurrent_rw"": ""1"", ""data_case"": ""1"", ""hold_cycles"": ""0"", ""init_phase"": ""0"", ""min_outstanding"": ""1"", ""min_unique"": ""1"", ""reorder_test"": ""0"", ""seed"": ""1"", ""stall_cycles"": ""0"", ""stim_dir"": ""/home/mingwei/noc_project/sim/build/issue7-stimulus-20261003-r2/data_lanes_zero/patterns/data_rand""}",7342da1268809ec4b245322ee65a1c7353df27e801f0468db6aef384564ca292,build/issue7/stimulus-evidence/reports/results/data_lanes_zero/data_rand.run.json,build/issue7/stimulus-evidence/reports/results/data_lanes_zero/data_rand.log,T0,1000,1000,0,OKAY
C0-S07,C0,ctrl_rand,auto,control,17,17,,0,PASS,728,0,64,64,64,"{""backpressure"": ""0"", ""capacity_test"": ""0"", ""case_name"": ""ctrl_rand"", ""concurrent_rw"": ""1"", ""data_case"": ""0"", ""hold_cycles"": ""0"", ""init_phase"": ""0"", ""min_outstanding"": ""2"", ""min_unique"": ""2"", ""reorder_test"": ""0"", ""seed"": ""17"", ""stall_cycles"": ""0"", ""stim_dir"": ""/home/mingwei/noc_project/sim/build/issue7-stimulus-20261003-r2/ctrl_rand_seed17/patterns/ctrl_rand""}",7342da1268809ec4b245322ee65a1c7353df27e801f0468db6aef384564ca292,build/issue7/stimulus-evidence/reports/results/ctrl_rand_seed17/ctrl_rand.run.json,build/issue7/stimulus-evidence/reports/results/ctrl_rand_seed17/ctrl_rand.log,T0,1000,1000,0,OKAY
C0-S08,C0,ctrl_rand,auto,control,29,29,,0,PASS,722,0,64,64,64,"{""backpressure"": ""0"", ""capacity_test"": ""0"", ""case_name"": ""ctrl_rand"", ""concurrent_rw"": ""1"", ""data_case"": ""0"", ""hold_cycles"": ""0"", ""init_phase"": ""0"", ""min_outstanding"": ""2"", ""min_unique"": ""2"", ""reorder_test"": ""0"", ""seed"": ""29"", ""stall_cycles"": ""0"", ""stim_dir"": ""/home/mingwei/noc_project/sim/build/issue7-stimulus-20261003-r2/ctrl_rand_seed29/patterns/ctrl_rand""}",7342da1268809ec4b245322ee65a1c7353df27e801f0468db6aef384564ca292,build/issue7/stimulus-evidence/reports/results/ctrl_rand_seed29/ctrl_rand.run.json,build/issue7/stimulus-evidence/reports/results/ctrl_rand_seed29/ctrl_rand.log,T0,1000,1000,0,OKAY
C0-S09,C0,data_rand,auto,data,17,17,,0,PASS,639,0,64,64,64,"{""backpressure"": ""0"", ""capacity_test"": ""0"", ""case_name"": ""data_rand"", ""concurrent_rw"": ""1"", ""data_case"": ""1"", ""hold_cycles"": ""0"", ""init_phase"": ""0"", ""min_outstanding"": ""2"", ""min_unique"": ""2"", ""reorder_test"": ""0"", ""seed"": ""17"", ""stall_cycles"": ""0"", ""stim_dir"": ""/home/mingwei/noc_project/sim/build/issue7-stimulus-20261003-r2/data_rand_seed17/patterns/data_rand""}",7342da1268809ec4b245322ee65a1c7353df27e801f0468db6aef384564ca292,build/issue7/stimulus-evidence/reports/results/data_rand_seed17/data_rand.run.json,build/issue7/stimulus-evidence/reports/results/data_rand_seed17/data_rand.log,T0,1000,1000,0,OKAY
C0-S10,C0,data_rand,auto,data,29,29,,0,PASS,690,0,64,64,64,"{""backpressure"": ""0"", ""capacity_test"": ""0"", ""case_name"": ""data_rand"", ""concurrent_rw"": ""1"", ""data_case"": ""1"", ""hold_cycles"": ""0"", ""init_phase"": ""0"", ""min_outstanding"": ""2"", ""min_unique"": ""2"", ""reorder_test"": ""0"", ""seed"": ""29"", ""stall_cycles"": ""0"", ""stim_dir"": ""/home/mingwei/noc_project/sim/build/issue7-stimulus-20261003-r2/data_rand_seed29/patterns/data_rand""}",7342da1268809ec4b245322ee65a1c7353df27e801f0468db6aef384564ca292,build/issue7/stimulus-evidence/reports/results/data_rand_seed29/data_rand.run.json,build/issue7/stimulus-evidence/reports/results/data_rand_seed29/data_rand.log,T0,1000,1000,0,OKAY
C0-T01,C0,request_rand,auto,rand,1,1,,0,PASS,653,0,64,64,64,"{""backpressure"": ""0"", ""capacity_test"": ""0"", ""case_name"": ""request_rand"", ""concurrent_rw"": ""1"", ""data_case"": ""0"", ""hold_cycles"": ""0"", ""init_phase"": ""0"", ""min_outstanding"": ""2"", ""min_unique"": ""2"", ""reorder_test"": ""0"", ""seed"": ""1"", ""stall_cycles"": ""0"", ""stim_dir"": ""/home/mingwei/noc_project/sim/build/issue7-clock/c0/patterns/request_rand""}",21d386620a80ebc9b3cec69d041e87a477e092d9085aadf665ba092884858b7e,build/issue7/clock-evidence/reports/results/T0_request_rand_auto/request_rand.run.json,build/issue7/clock-evidence/reports/results/T0_request_rand_auto/request_rand.log,T0,1000,1000,0,OKAY
C0-T02,C0,single_id_reorder,control,control,1,1,,1,PASS,2227,0,64,64,0,"{""backpressure"": ""0"", ""capacity_test"": ""0"", ""case_name"": ""single_id_reorder_backpressure"", ""concurrent_rw"": ""0"", ""data_case"": ""0"", ""hold_cycles"": ""1024"", ""init_phase"": ""0"", ""min_outstanding"": ""2"", ""min_unique"": ""1"", ""reorder_test"": ""2"", ""seed"": ""1"", ""stall_cycles"": ""0"", ""stim_dir"": ""/home/mingwei/noc_project/sim/build/issue7-clock/c0/patterns/control/single_id_reorder_backpressure""}",21d386620a80ebc9b3cec69d041e87a477e092d9085aadf665ba092884858b7e,build/issue7/clock-evidence/reports/results/T0_single_id_reorder_control/single_id_reorder.run.json,build/issue7/clock-evidence/reports/results/T0_single_id_reorder_control/single_id_reorder.log,T0,1000,1000,0,OKAY
C0-T03,C0,single_id_reorder,data,data,1,1,,1,PASS,2231,0,64,64,0,"{""backpressure"": ""0"", ""capacity_test"": ""0"", ""case_name"": ""single_id_reorder_backpressure"", ""concurrent_rw"": ""0"", ""data_case"": ""1"", ""hold_cycles"": ""1024"", ""init_phase"": ""0"", ""min_outstanding"": ""2"", ""min_unique"": ""1"", ""reorder_test"": ""2"", ""seed"": ""1"", ""stall_cycles"": ""0"", ""stim_dir"": ""/home/mingwei/noc_project/sim/build/issue7-clock/c0/patterns/data/single_id_reorder_backpressure""}",21d386620a80ebc9b3cec69d041e87a477e092d9085aadf665ba092884858b7e,build/issue7/clock-evidence/reports/results/T0_single_id_reorder_data/single_id_reorder.run.json,build/issue7/clock-evidence/reports/results/T0_single_id_reorder_data/single_id_reorder.log,T0,1000,1000,0,OKAY
C0-T04,C0,reset_recovery,data,data,1,1,,0,PASS,220,0,8,8,0,"{""backpressure"": ""0"", ""capacity_test"": ""0"", ""case_name"": ""reset_recovery"", ""concurrent_rw"": ""0"", ""data_case"": ""1"", ""hold_cycles"": ""0"", ""init_phase"": ""0"", ""min_outstanding"": ""1"", ""min_unique"": ""1"", ""reorder_test"": ""0"", ""seed"": ""1"", ""stall_cycles"": ""0"", ""stim_dir"": ""/home/mingwei/noc_project/sim/build/issue7-clock/c0/patterns/data/reset_recovery"", ""stress_test"": ""3""}",21d386620a80ebc9b3cec69d041e87a477e092d9085aadf665ba092884858b7e,build/issue7/clock-evidence/reports/results/T0_reset_recovery_data/reset_recovery.run.json,build/issue7/clock-evidence/reports/results/T0_reset_recovery_data/reset_recovery.log,T0,1000,1000,0,OKAY
C0-T05,C0,request_rand,auto,rand,1,1,,0,PASS,1277,0,64,64,64,"{""backpressure"": ""0"", ""capacity_test"": ""0"", ""case_name"": ""request_rand"", ""concurrent_rw"": ""1"", ""data_case"": ""0"", ""hold_cycles"": ""0"", ""init_phase"": ""0"", ""min_outstanding"": ""2"", ""min_unique"": ""2"", ""reorder_test"": ""0"", ""seed"": ""1"", ""stall_cycles"": ""0"", ""stim_dir"": ""/home/mingwei/noc_project/sim/build/issue7-clock/c0/patterns/request_rand""}",21d386620a80ebc9b3cec69d041e87a477e092d9085aadf665ba092884858b7e,build/issue7/clock-evidence/reports/results/T1_request_rand_auto/request_rand.run.json,build/issue7/clock-evidence/reports/results/T1_request_rand_auto/request_rand.log,T1,1000,2000,250,OKAY
C0-T06,C0,single_id_reorder,control,control,1,1,,1,PASS,2265,0,64,64,0,"{""backpressure"": ""0"", ""capacity_test"": ""0"", ""case_name"": ""single_id_reorder_backpressure"", ""concurrent_rw"": ""0"", ""data_case"": ""0"", ""hold_cycles"": ""1024"", ""init_phase"": ""0"", ""min_outstanding"": ""2"", ""min_unique"": ""1"", ""reorder_test"": ""2"", ""seed"": ""1"", ""stall_cycles"": ""0"", ""stim_dir"": ""/home/mingwei/noc_project/sim/build/issue7-clock/c0/patterns/control/single_id_reorder_backpressure""}",21d386620a80ebc9b3cec69d041e87a477e092d9085aadf665ba092884858b7e,build/issue7/clock-evidence/reports/results/T1_single_id_reorder_control/single_id_reorder.run.json,build/issue7/clock-evidence/reports/results/T1_single_id_reorder_control/single_id_reorder.log,T1,1000,2000,250,OKAY
C0-T07,C0,single_id_reorder,data,data,1,1,,1,PASS,2273,0,64,64,0,"{""backpressure"": ""0"", ""capacity_test"": ""0"", ""case_name"": ""single_id_reorder_backpressure"", ""concurrent_rw"": ""0"", ""data_case"": ""1"", ""hold_cycles"": ""1024"", ""init_phase"": ""0"", ""min_outstanding"": ""2"", ""min_unique"": ""1"", ""reorder_test"": ""2"", ""seed"": ""1"", ""stall_cycles"": ""0"", ""stim_dir"": ""/home/mingwei/noc_project/sim/build/issue7-clock/c0/patterns/data/single_id_reorder_backpressure""}",21d386620a80ebc9b3cec69d041e87a477e092d9085aadf665ba092884858b7e,build/issue7/clock-evidence/reports/results/T1_single_id_reorder_data/single_id_reorder.run.json,build/issue7/clock-evidence/reports/results/T1_single_id_reorder_data/single_id_reorder.log,T1,1000,2000,250,OKAY
C0-T08,C0,reset_recovery,data,data,1,1,,0,PASS,322,0,8,8,0,"{""backpressure"": ""0"", ""capacity_test"": ""0"", ""case_name"": ""reset_recovery"", ""concurrent_rw"": ""0"", ""data_case"": ""1"", ""hold_cycles"": ""0"", ""init_phase"": ""0"", ""min_outstanding"": ""1"", ""min_unique"": ""1"", ""reorder_test"": ""0"", ""seed"": ""1"", ""stall_cycles"": ""0"", ""stim_dir"": ""/home/mingwei/noc_project/sim/build/issue7-clock/c0/patterns/data/reset_recovery"", ""stress_test"": ""3""}",21d386620a80ebc9b3cec69d041e87a477e092d9085aadf665ba092884858b7e,build/issue7/clock-evidence/reports/results/T1_reset_recovery_data/reset_recovery.run.json,build/issue7/clock-evidence/reports/results/T1_reset_recovery_data/reset_recovery.log,T1,1000,2000,250,OKAY
C0-T09,C0,request_rand,auto,rand,1,1,,0,PASS,516,0,64,64,64,"{""backpressure"": ""0"", ""capacity_test"": ""0"", ""case_name"": ""request_rand"", ""concurrent_rw"": ""1"", ""data_case"": ""0"", ""hold_cycles"": ""0"", ""init_phase"": ""0"", ""min_outstanding"": ""2"", ""min_unique"": ""2"", ""reorder_test"": ""0"", ""seed"": ""1"", ""stall_cycles"": ""0"", ""stim_dir"": ""/home/mingwei/noc_project/sim/build/issue7-clock/c0/patterns/request_rand""}",21d386620a80ebc9b3cec69d041e87a477e092d9085aadf665ba092884858b7e,build/issue7/clock-evidence/reports/results/T2_request_rand_auto/request_rand.run.json,build/issue7/clock-evidence/reports/results/T2_request_rand_auto/request_rand.log,T2,2000,1000,250,OKAY
C0-T10,C0,single_id_reorder,control,control,1,1,,1,PASS,2207,0,64,64,0,"{""backpressure"": ""0"", ""capacity_test"": ""0"", ""case_name"": ""single_id_reorder_backpressure"", ""concurrent_rw"": ""0"", ""data_case"": ""0"", ""hold_cycles"": ""1024"", ""init_phase"": ""0"", ""min_outstanding"": ""2"", ""min_unique"": ""1"", ""reorder_test"": ""2"", ""seed"": ""1"", ""stall_cycles"": ""0"", ""stim_dir"": ""/home/mingwei/noc_project/sim/build/issue7-clock/c0/patterns/control/single_id_reorder_backpressure""}",21d386620a80ebc9b3cec69d041e87a477e092d9085aadf665ba092884858b7e,build/issue7/clock-evidence/reports/results/T2_single_id_reorder_control/single_id_reorder.run.json,build/issue7/clock-evidence/reports/results/T2_single_id_reorder_control/single_id_reorder.log,T2,2000,1000,250,OKAY
C0-T11,C0,single_id_reorder,data,data,1,1,,1,PASS,2209,0,64,64,0,"{""backpressure"": ""0"", ""capacity_test"": ""0"", ""case_name"": ""single_id_reorder_backpressure"", ""concurrent_rw"": ""0"", ""data_case"": ""1"", ""hold_cycles"": ""1024"", ""init_phase"": ""0"", ""min_outstanding"": ""2"", ""min_unique"": ""1"", ""reorder_test"": ""2"", ""seed"": ""1"", ""stall_cycles"": ""0"", ""stim_dir"": ""/home/mingwei/noc_project/sim/build/issue7-clock/c0/patterns/data/single_id_reorder_backpressure""}",21d386620a80ebc9b3cec69d041e87a477e092d9085aadf665ba092884858b7e,build/issue7/clock-evidence/reports/results/T2_single_id_reorder_data/single_id_reorder.run.json,build/issue7/clock-evidence/reports/results/T2_single_id_reorder_data/single_id_reorder.log,T2,2000,1000,250,OKAY
C0-T12,C0,reset_recovery,data,data,1,1,,0,PASS,191,0,8,8,0,"{""backpressure"": ""0"", ""capacity_test"": ""0"", ""case_name"": ""reset_recovery"", ""concurrent_rw"": ""0"", ""data_case"": ""1"", ""hold_cycles"": ""0"", ""init_phase"": ""0"", ""min_outstanding"": ""1"", ""min_unique"": ""1"", ""reorder_test"": ""0"", ""seed"": ""1"", ""stall_cycles"": ""0"", ""stim_dir"": ""/home/mingwei/noc_project/sim/build/issue7-clock/c0/patterns/data/reset_recovery"", ""stress_test"": ""3""}",21d386620a80ebc9b3cec69d041e87a477e092d9085aadf665ba092884858b7e,build/issue7/clock-evidence/reports/results/T2_reset_recovery_data/reset_recovery.run.json,build/issue7/clock-evidence/reports/results/T2_reset_recovery_data/reset_recovery.log,T2,2000,1000,250,OKAY
C4-01,C4,request_rand,auto,rand,1,1,,0,PASS,1077,0,64,64,64,"{""backpressure"": ""0"", ""capacity_test"": ""0"", ""case_name"": ""request_rand"", ""concurrent_rw"": ""1"", ""data_case"": ""0"", ""hold_cycles"": ""0"", ""init_phase"": ""0"", ""min_outstanding"": ""2"", ""min_unique"": ""2"", ""reorder_test"": ""0"", ""seed"": ""1"", ""stall_cycles"": ""0"", ""stim_dir"": ""/home/mingwei/noc_project/sim/build/issue7-configs/c4/patterns/request_rand""}",af0ad025cb682f55ed49f3271882eec732ad951dc882245ca79e41af885ebfe3,build/issue7/config-evidence/reports/results/c4_request_rand_auto/request_rand.run.json,build/issue7/config-evidence/reports/results/c4_request_rand_auto/request_rand.log,T0,1000,1000,0,OKAY
C4-02,C4,single_id_reorder,control,control,1,1,,0,PASS,361,0,16,16,0,"{""backpressure"": ""0"", ""capacity_test"": ""0"", ""case_name"": ""single_id_reorder"", ""concurrent_rw"": ""0"", ""data_case"": ""0"", ""hold_cycles"": ""0"", ""init_phase"": ""0"", ""min_outstanding"": ""2"", ""min_unique"": ""1"", ""reorder_test"": ""2"", ""seed"": ""1"", ""stall_cycles"": ""0"", ""stim_dir"": ""/home/mingwei/noc_project/sim/build/issue7-configs/c4/patterns/control/single_id_reorder""}",af0ad025cb682f55ed49f3271882eec732ad951dc882245ca79e41af885ebfe3,build/issue7/config-evidence/reports/results/c4_single_id_reorder_control/single_id_reorder.run.json,build/issue7/config-evidence/reports/results/c4_single_id_reorder_control/single_id_reorder.log,T0,1000,1000,0,OKAY
C4-03,C4,single_id_reorder,data,data,1,1,,0,PASS,395,0,16,16,0,"{""backpressure"": ""0"", ""capacity_test"": ""0"", ""case_name"": ""single_id_reorder"", ""concurrent_rw"": ""0"", ""data_case"": ""1"", ""hold_cycles"": ""0"", ""init_phase"": ""0"", ""min_outstanding"": ""2"", ""min_unique"": ""1"", ""reorder_test"": ""2"", ""seed"": ""1"", ""stall_cycles"": ""0"", ""stim_dir"": ""/home/mingwei/noc_project/sim/build/issue7-configs/c4/patterns/data/single_id_reorder""}",af0ad025cb682f55ed49f3271882eec732ad951dc882245ca79e41af885ebfe3,build/issue7/config-evidence/reports/results/c4_single_id_reorder_data/single_id_reorder.run.json,build/issue7/config-evidence/reports/results/c4_single_id_reorder_data/single_id_reorder.log,T0,1000,1000,0,OKAY
C4-04,C4,hol_blocking,control,control,1,1,,0,PASS,348,0,80,80,0,"{""backpressure"": ""0"", ""capacity_test"": ""0"", ""case_name"": ""hol_blocking"", ""concurrent_rw"": ""0"", ""data_case"": ""0"", ""hold_cycles"": ""0"", ""init_phase"": ""0"", ""min_outstanding"": ""1"", ""min_unique"": ""1"", ""reorder_test"": ""0"", ""seed"": ""1"", ""stall_cycles"": ""0"", ""stim_dir"": ""/home/mingwei/noc_project/sim/build/issue7-configs/c4/patterns/control/hol_blocking"", ""stress_test"": ""2""}",af0ad025cb682f55ed49f3271882eec732ad951dc882245ca79e41af885ebfe3,build/issue7/config-evidence/reports/results/c4_hol_blocking_control/hol_blocking.run.json,build/issue7/config-evidence/reports/results/c4_hol_blocking_control/hol_blocking.log,T0,1000,1000,0,OKAY
C4-05,C4,hol_blocking,data,data,1,1,,0,PASS,354,0,80,80,0,"{""backpressure"": ""0"", ""capacity_test"": ""0"", ""case_name"": ""hol_blocking"", ""concurrent_rw"": ""0"", ""data_case"": ""1"", ""hold_cycles"": ""0"", ""init_phase"": ""0"", ""min_outstanding"": ""1"", ""min_unique"": ""1"", ""reorder_test"": ""0"", ""seed"": ""1"", ""stall_cycles"": ""0"", ""stim_dir"": ""/home/mingwei/noc_project/sim/build/issue7-configs/c4/patterns/data/hol_blocking"", ""stress_test"": ""2""}",af0ad025cb682f55ed49f3271882eec732ad951dc882245ca79e41af885ebfe3,build/issue7/config-evidence/reports/results/c4_hol_blocking_data/hol_blocking.run.json,build/issue7/config-evidence/reports/results/c4_hol_blocking_data/hol_blocking.log,T0,1000,1000,0,OKAY
C4-06,C4,reset_recovery,data,data,1,1,,0,PASS,220,0,8,8,0,"{""backpressure"": ""0"", ""capacity_test"": ""0"", ""case_name"": ""reset_recovery"", ""concurrent_rw"": ""0"", ""data_case"": ""1"", ""hold_cycles"": ""0"", ""init_phase"": ""0"", ""min_outstanding"": ""1"", ""min_unique"": ""1"", ""reorder_test"": ""0"", ""seed"": ""1"", ""stall_cycles"": ""0"", ""stim_dir"": ""/home/mingwei/noc_project/sim/build/issue7-configs/c4/patterns/data/reset_recovery"", ""stress_test"": ""3""}",af0ad025cb682f55ed49f3271882eec732ad951dc882245ca79e41af885ebfe3,build/issue7/config-evidence/reports/results/c4_reset_recovery_data/reset_recovery.run.json,build/issue7/config-evidence/reports/results/c4_reset_recovery_data/reset_recovery.log,T0,1000,1000,0,OKAY
C5-01,C5,single_id_outstanding,auto,control,1,1,,0,PASS,98,0,16,16,0,"{""backpressure"": ""0"", ""capacity_test"": ""0"", ""case_name"": ""single_id_outstanding"", ""concurrent_rw"": ""0"", ""data_case"": ""0"", ""hold_cycles"": ""0"", ""init_phase"": ""0"", ""min_outstanding"": ""2"", ""min_unique"": ""1"", ""reorder_test"": ""0"", ""seed"": ""1"", ""stall_cycles"": ""0"", ""stim_dir"": ""/home/mingwei/noc_project/sim/build/issue7-configs/c5/patterns/single_id_outstanding""}",a09c04bb6b739d32f650a252911318f9f524017e93970d461d5ddb5f5b6cfa41,build/issue7/config-evidence/reports/results/c5_single_id_outstanding_auto/single_id_outstanding.run.json,build/issue7/config-evidence/reports/results/c5_single_id_outstanding_auto/single_id_outstanding.log,T0,1000,1000,0,OKAY
C5-02,C5,multi_id_outstanding,auto,control,1,1,,0,PASS,98,0,16,16,0,"{""backpressure"": ""0"", ""capacity_test"": ""0"", ""case_name"": ""multi_id_outstanding"", ""concurrent_rw"": ""0"", ""data_case"": ""0"", ""hold_cycles"": ""0"", ""init_phase"": ""0"", ""min_outstanding"": ""2"", ""min_unique"": ""2"", ""reorder_test"": ""0"", ""seed"": ""1"", ""stall_cycles"": ""0"", ""stim_dir"": ""/home/mingwei/noc_project/sim/build/issue7-configs/c5/patterns/multi_id_outstanding""}",a09c04bb6b739d32f650a252911318f9f524017e93970d461d5ddb5f5b6cfa41,build/issue7/config-evidence/reports/results/c5_multi_id_outstanding_auto/multi_id_outstanding.run.json,build/issue7/config-evidence/reports/results/c5_multi_id_outstanding_auto/multi_id_outstanding.log,T0,1000,1000,0,OKAY
C5-03,C5,single_id_reorder,auto,control,1,1,,0,PASS,102,0,16,16,0,"{""backpressure"": ""0"", ""capacity_test"": ""0"", ""case_name"": ""single_id_reorder"", ""concurrent_rw"": ""0"", ""data_case"": ""0"", ""hold_cycles"": ""0"", ""init_phase"": ""0"", ""min_outstanding"": ""2"", ""min_unique"": ""1"", ""reorder_test"": ""2"", ""seed"": ""1"", ""stall_cycles"": ""0"", ""stim_dir"": ""/home/mingwei/noc_project/sim/build/issue7-configs/c5/patterns/single_id_reorder""}",a09c04bb6b739d32f650a252911318f9f524017e93970d461d5ddb5f5b6cfa41,build/issue7/config-evidence/reports/results/c5_single_id_reorder_auto/single_id_reorder.run.json,build/issue7/config-evidence/reports/results/c5_single_id_reorder_auto/single_id_reorder.log,T0,1000,1000,0,OKAY
C5-04,C5,capacity_reuse,auto,control,1,1,per_id,0,PASS,9097,0,320,320,0,"{""backpressure"": ""0"", ""capacity_target"": ""per_id"", ""capacity_test"": ""1"", ""case_name"": ""capacity_reuse_per_id"", ""concurrent_rw"": ""0"", ""data_case"": ""0"", ""hold_cycles"": ""4096"", ""init_phase"": ""0"", ""min_outstanding"": ""1"", ""min_unique"": ""1"", ""reorder_test"": ""0"", ""seed"": ""1"", ""stall_cycles"": ""0"", ""stim_dir"": ""/home/mingwei/noc_project/sim/build/issue7-configs/c5/patterns/capacity_reuse_per_id"", ""stress_test"": ""1""}",a09c04bb6b739d32f650a252911318f9f524017e93970d461d5ddb5f5b6cfa41,build/issue7/config-evidence/reports/results/c5_capacity_reuse_auto/capacity_reuse.run.json,build/issue7/config-evidence/reports/results/c5_capacity_reuse_auto/capacity_reuse.log,T0,1000,1000,0,OKAY
C5-05,C5,request_rand,auto,rand,1,1,,0,PASS,755,0,64,64,64,"{""backpressure"": ""0"", ""capacity_test"": ""0"", ""case_name"": ""request_rand"", ""concurrent_rw"": ""1"", ""data_case"": ""0"", ""hold_cycles"": ""0"", ""init_phase"": ""0"", ""min_outstanding"": ""2"", ""min_unique"": ""2"", ""reorder_test"": ""0"", ""seed"": ""1"", ""stall_cycles"": ""0"", ""stim_dir"": ""/home/mingwei/noc_project/sim/build/issue7-configs/c5/patterns/request_rand""}",a09c04bb6b739d32f650a252911318f9f524017e93970d461d5ddb5f5b6cfa41,build/issue7/config-evidence/reports/results/c5_request_rand_auto/request_rand.run.json,build/issue7/config-evidence/reports/results/c5_request_rand_auto/request_rand.log,T0,1000,1000,0,OKAY
C6-01,C6,multi_id_outstanding,auto,control,1,1,,0,PASS,98,0,16,16,0,"{""backpressure"": ""0"", ""capacity_test"": ""0"", ""case_name"": ""multi_id_outstanding"", ""concurrent_rw"": ""0"", ""data_case"": ""0"", ""hold_cycles"": ""0"", ""init_phase"": ""0"", ""min_outstanding"": ""2"", ""min_unique"": ""2"", ""reorder_test"": ""0"", ""seed"": ""1"", ""stall_cycles"": ""0"", ""stim_dir"": ""/home/mingwei/noc_project/sim/build/issue7-configs/c6/patterns/multi_id_outstanding""}",43188fd5896475c8638089e020ada7fd21ff10f490b3f1a28c7de073f8b3fcd6,build/issue7/config-evidence/reports/results/c6_multi_id_outstanding_auto/multi_id_outstanding.run.json,build/issue7/config-evidence/reports/results/c6_multi_id_outstanding_auto/multi_id_outstanding.log,T0,1000,1000,0,OKAY
C6-02,C6,multi_id_out_of_order,auto,control,1,1,,0,PASS,99,0,16,16,0,"{""backpressure"": ""0"", ""capacity_test"": ""0"", ""case_name"": ""multi_id_out_of_order"", ""concurrent_rw"": ""0"", ""data_case"": ""0"", ""hold_cycles"": ""0"", ""init_phase"": ""0"", ""min_outstanding"": ""2"", ""min_unique"": ""2"", ""reorder_test"": ""1"", ""seed"": ""1"", ""stall_cycles"": ""0"", ""stim_dir"": ""/home/mingwei/noc_project/sim/build/issue7-configs/c6/patterns/multi_id_out_of_order""}",43188fd5896475c8638089e020ada7fd21ff10f490b3f1a28c7de073f8b3fcd6,build/issue7/config-evidence/reports/results/c6_multi_id_out_of_order_auto/multi_id_out_of_order.run.json,build/issue7/config-evidence/reports/results/c6_multi_id_out_of_order_auto/multi_id_out_of_order.log,T0,1000,1000,0,OKAY
C6-03,C6,single_id_reorder,auto,control,1,1,,0,PASS,102,0,16,16,0,"{""backpressure"": ""0"", ""capacity_test"": ""0"", ""case_name"": ""single_id_reorder"", ""concurrent_rw"": ""0"", ""data_case"": ""0"", ""hold_cycles"": ""0"", ""init_phase"": ""0"", ""min_outstanding"": ""2"", ""min_unique"": ""1"", ""reorder_test"": ""2"", ""seed"": ""1"", ""stall_cycles"": ""0"", ""stim_dir"": ""/home/mingwei/noc_project/sim/build/issue7-configs/c6/patterns/single_id_reorder""}",43188fd5896475c8638089e020ada7fd21ff10f490b3f1a28c7de073f8b3fcd6,build/issue7/config-evidence/reports/results/c6_single_id_reorder_auto/single_id_reorder.run.json,build/issue7/config-evidence/reports/results/c6_single_id_reorder_auto/single_id_reorder.log,T0,1000,1000,0,OKAY
C6-04,C6,request_rand,auto,rand,1,1,,0,PASS,653,0,64,64,64,"{""backpressure"": ""0"", ""capacity_test"": ""0"", ""case_name"": ""request_rand"", ""concurrent_rw"": ""1"", ""data_case"": ""0"", ""hold_cycles"": ""0"", ""init_phase"": ""0"", ""min_outstanding"": ""2"", ""min_unique"": ""2"", ""reorder_test"": ""0"", ""seed"": ""1"", ""stall_cycles"": ""0"", ""stim_dir"": ""/home/mingwei/noc_project/sim/build/issue7-configs/c6/patterns/request_rand""}",43188fd5896475c8638089e020ada7fd21ff10f490b3f1a28c7de073f8b3fcd6,build/issue7/config-evidence/reports/results/c6_request_rand_auto/request_rand.run.json,build/issue7/config-evidence/reports/results/c6_request_rand_auto/request_rand.log,T0,1000,1000,0,OKAY
C0-O1,C0,ctrl_rand,auto,control,1,1,,0,PASS,306,0,64,64,64,"{""backpressure"": ""0"", ""capacity_test"": ""0"", ""case_name"": ""ctrl_rand"", ""concurrent_rw"": ""1"", ""data_case"": ""0"", ""hold_cycles"": ""0"", ""init_phase"": ""0"", ""min_outstanding"": ""1"", ""min_unique"": ""1"", ""reorder_test"": ""0"", ""seed"": ""1"", ""stall_cycles"": ""0"", ""stim_dir"": ""/home/mingwei/noc_project/sim/build/issue7-onehot/control_strobe_onehot/patterns/ctrl_rand""}",7342da1268809ec4b245322ee65a1c7353df27e801f0468db6aef384564ca292,build/issue7/onehot-evidence/reports/results/control_strobe_onehot/ctrl_rand.run.json,build/issue7/onehot-evidence/reports/results/control_strobe_onehot/ctrl_rand.log,T0,1000,1000,0,OKAY
C0-O2,C0,data_rand,auto,data,1,1,,0,PASS,246,0,64,64,64,"{""backpressure"": ""0"", ""capacity_test"": ""0"", ""case_name"": ""data_rand"", ""concurrent_rw"": ""1"", ""data_case"": ""1"", ""hold_cycles"": ""0"", ""init_phase"": ""0"", ""min_outstanding"": ""1"", ""min_unique"": ""1"", ""reorder_test"": ""0"", ""seed"": ""1"", ""stall_cycles"": ""0"", ""stim_dir"": ""/home/mingwei/noc_project/sim/build/issue7-onehot/data_strobe_onehot/patterns/data_rand""}",7342da1268809ec4b245322ee65a1c7353df27e801f0468db6aef384564ca292,build/issue7/onehot-evidence/reports/results/data_strobe_onehot/data_rand.run.json,build/issue7/onehot-evidence/reports/results/data_strobe_onehot/data_rand.log,T0,1000,1000,0,OKAY
C0-O3,C0,request_rand,auto,rand,29,29,,0,PASS,718,0,64,64,64,"{""backpressure"": ""0"", ""capacity_test"": ""0"", ""case_name"": ""request_rand"", ""concurrent_rw"": ""1"", ""data_case"": ""0"", ""hold_cycles"": ""0"", ""init_phase"": ""0"", ""min_outstanding"": ""2"", ""min_unique"": ""2"", ""reorder_test"": ""0"", ""seed"": ""29"", ""stall_cycles"": ""0"", ""stim_dir"": ""/home/mingwei/noc_project/sim/build/issue7-onehot/request_rand_seed29/patterns/request_rand""}",7342da1268809ec4b245322ee65a1c7353df27e801f0468db6aef384564ca292,build/issue7/onehot-evidence/reports/results/request_rand_seed29/request_rand.run.json,build/issue7/onehot-evidence/reports/results/request_rand_seed29/request_rand.log,T0,1000,1000,0,OKAY
C1-X1,C1,data_read_burst,auto,data,1,1,,0,PASS,7548,0,0,64,0,"{""backpressure"": ""0"", ""capacity_test"": ""0"", ""case_name"": ""data_read_burst"", ""concurrent_rw"": ""0"", ""data_case"": ""1"", ""hold_cycles"": ""0"", ""init_phase"": ""0"", ""min_outstanding"": ""1"", ""min_unique"": ""1"", ""reorder_test"": ""0"", ""seed"": ""1"", ""stall_cycles"": ""0"", ""stim_dir"": ""/home/mingwei/noc_project/sim/build/issue7-resource/data_read_burst_vc/patterns/data_read_burst""}",54384dadbc02b045c7f409c725e5358b32e59c212ba13800b6e740591f110535,build/issue7/resource-evidence/reports/results/data_read_burst_vc/data_read_burst.run.json,build/issue7/resource-evidence/reports/results/data_read_burst_vc/data_read_burst.log,T0,1000,1000,0,OKAY
C1-X2,C1,data_write_burst,auto,data,1,1,,0,PASS,8161,0,64,0,0,"{""backpressure"": ""0"", ""capacity_test"": ""0"", ""case_name"": ""data_write_burst"", ""concurrent_rw"": ""0"", ""data_case"": ""1"", ""hold_cycles"": ""0"", ""init_phase"": ""0"", ""min_outstanding"": ""1"", ""min_unique"": ""1"", ""reorder_test"": ""0"", ""seed"": ""1"", ""stall_cycles"": ""0"", ""stim_dir"": ""/home/mingwei/noc_project/sim/build/issue7-resource/data_write_burst_vc/patterns/data_write_burst""}",54384dadbc02b045c7f409c725e5358b32e59c212ba13800b6e740591f110535,build/issue7/resource-evidence/reports/results/data_write_burst_vc/data_write_burst.run.json,build/issue7/resource-evidence/reports/results/data_write_burst_vc/data_write_burst.log,T0,1000,1000,0,OKAY
C6-I1,C6,multi_id_outstanding,auto,data,1,1,,0,PASS,822,0,256,256,0,"{""backpressure"": ""0"", ""capacity_test"": ""0"", ""case_name"": ""multi_id_outstanding"", ""concurrent_rw"": ""0"", ""data_case"": ""1"", ""hold_cycles"": ""0"", ""init_phase"": ""0"", ""min_outstanding"": ""2"", ""min_unique"": ""2"", ""reorder_test"": ""0"", ""seed"": ""1"", ""stall_cycles"": ""0"", ""stim_dir"": ""/home/mingwei/noc_project/sim/build/issue7-id-sweep/all_ids/patterns/multi_id_outstanding""}",43188fd5896475c8638089e020ada7fd21ff10f490b3f1a28c7de073f8b3fcd6,build/issue7/id-sweep-evidence/reports/results/all_ids/multi_id_outstanding.run.json,build/issue7/id-sweep-evidence/reports/results/all_ids/multi_id_outstanding.log,T0,1000,1000,0,OKAY
C0-X1,C0,capacity_reuse,auto,data,1,1,rob,0,PASS,17239,0,320,320,0,"{""backpressure"": ""0"", ""capacity_target"": ""rob"", ""capacity_test"": ""1"", ""case_name"": ""capacity_reuse"", ""concurrent_rw"": ""0"", ""data_case"": ""1"", ""hold_cycles"": ""4096"", ""init_phase"": ""0"", ""min_outstanding"": ""1"", ""min_unique"": ""1"", ""reorder_test"": ""0"", ""seed"": ""1"", ""stall_cycles"": ""0"", ""stim_dir"": ""/home/mingwei/noc_project/sim/build/issue7-resource-c0/capacity_id_permute/patterns/capacity_reuse_rob"", ""stress_test"": ""1""}",7342da1268809ec4b245322ee65a1c7353df27e801f0468db6aef384564ca292,build/issue7/resource-c0-evidence/reports/results/capacity_id_permute/capacity_reuse.run.json,build/issue7/resource-c0-evidence/reports/results/capacity_id_permute/capacity_reuse.log,T0,1000,1000,0,OKAY
C0-X2,C0,capacity_reuse,auto,data,1,1,context,0,PASS,17050,0,320,320,0,"{""backpressure"": ""0"", ""capacity_target"": ""context"", ""capacity_test"": ""1"", ""case_name"": ""capacity_reuse_context"", ""concurrent_rw"": ""0"", ""data_case"": ""1"", ""hold_cycles"": ""4096"", ""init_phase"": ""0"", ""min_outstanding"": ""1"", ""min_unique"": ""1"", ""reorder_test"": ""0"", ""seed"": ""1"", ""stall_cycles"": ""0"", ""stim_dir"": ""/home/mingwei/noc_project/sim/build/issue7-resource-east/capacity_east/patterns/capacity_reuse_context"", ""stress_test"": ""1""}",7342da1268809ec4b245322ee65a1c7353df27e801f0468db6aef384564ca292,build/issue7/resource-east-evidence/reports/results/capacity_east/capacity_reuse.run.json,build/issue7/resource-east-evidence/reports/results/capacity_east/capacity_reuse.log,T0,1000,1000,0,OKAY
C0-CL01,C0,request_rand,auto,rand,17,17,,0,PASS,657,0,64,64,64,"{""backpressure"": ""0"", ""capacity_test"": ""0"", ""case_name"": ""request_rand"", ""concurrent_rw"": ""1"", ""data_case"": ""0"", ""hold_cycles"": ""0"", ""init_phase"": ""0"", ""min_outstanding"": ""2"", ""min_unique"": ""2"", ""reorder_test"": ""0"", ""seed"": ""17"", ""stall_cycles"": ""0"", ""stim_dir"": ""/home/mingwei/noc_project/sim/build/issue7-closure/c0/seed17/patterns/request_rand""}",0be8aa81d8405d5dc7118f9deb24dc88090cbaf91f66e2cc421253843f8b69a2,build/issue7-closure/run-evidence/reports/results/request_s17/request_rand.run.json,build/issue7-closure/run-evidence/reports/results/request_s17/request_rand.log,T0,1000,1000,0,OKAY
C0-CL02,C0,request_rand,auto,rand,29,29,,0,PASS,718,0,64,64,64,"{""backpressure"": ""0"", ""capacity_test"": ""0"", ""case_name"": ""request_rand"", ""concurrent_rw"": ""1"", ""data_case"": ""0"", ""hold_cycles"": ""0"", ""init_phase"": ""0"", ""min_outstanding"": ""2"", ""min_unique"": ""2"", ""reorder_test"": ""0"", ""seed"": ""29"", ""stall_cycles"": ""0"", ""stim_dir"": ""/home/mingwei/noc_project/sim/build/issue7-closure/c0/seed29/patterns/request_rand""}",0be8aa81d8405d5dc7118f9deb24dc88090cbaf91f66e2cc421253843f8b69a2,build/issue7-closure/run-evidence/reports/results/request_s29/request_rand.run.json,build/issue7-closure/run-evidence/reports/results/request_s29/request_rand.log,T0,1000,1000,0,OKAY
C0-CL03,C0,ctrl_write_single,auto,control,1,1,,0,PASS,27,0,1,0,0,"{""backpressure"": ""0"", ""capacity_test"": ""0"", ""case_name"": ""ctrl_write_single"", ""concurrent_rw"": ""0"", ""data_case"": ""0"", ""hold_cycles"": ""0"", ""init_phase"": ""0"", ""min_outstanding"": ""1"", ""min_unique"": ""1"", ""reorder_test"": ""0"", ""response_error"": ""2"", ""seed"": ""1"", ""stall_cycles"": ""0"", ""stim_dir"": ""/home/mingwei/noc_project/sim/build/issue7-closure/c0/error2/patterns/ctrl_write_single""}",0be8aa81d8405d5dc7118f9deb24dc88090cbaf91f66e2cc421253843f8b69a2,build/issue7-closure/run-evidence/reports/results/e2_ctrl_write_single/ctrl_write_single.run.json,build/issue7-closure/run-evidence/reports/results/e2_ctrl_write_single/ctrl_write_single.log,T0,1000,1000,0,SLVERR
C0-CL04,C0,ctrl_read_single,auto,control,1,1,,0,PASS,26,0,0,1,0,"{""backpressure"": ""0"", ""capacity_test"": ""0"", ""case_name"": ""ctrl_read_single"", ""concurrent_rw"": ""0"", ""data_case"": ""0"", ""hold_cycles"": ""0"", ""init_phase"": ""0"", ""min_outstanding"": ""1"", ""min_unique"": ""1"", ""reorder_test"": ""0"", ""response_error"": ""2"", ""seed"": ""1"", ""stall_cycles"": ""0"", ""stim_dir"": ""/home/mingwei/noc_project/sim/build/issue7-closure/c0/error2/patterns/ctrl_read_single""}",0be8aa81d8405d5dc7118f9deb24dc88090cbaf91f66e2cc421253843f8b69a2,build/issue7-closure/run-evidence/reports/results/e2_ctrl_read_single/ctrl_read_single.run.json,build/issue7-closure/run-evidence/reports/results/e2_ctrl_read_single/ctrl_read_single.log,T0,1000,1000,0,SLVERR
C0-CL05,C0,ctrl_write_burst,auto,control,1,1,,0,PASS,1051,0,15,0,0,"{""backpressure"": ""0"", ""capacity_test"": ""0"", ""case_name"": ""ctrl_write_burst"", ""concurrent_rw"": ""0"", ""data_case"": ""0"", ""hold_cycles"": ""0"", ""init_phase"": ""0"", ""min_outstanding"": ""1"", ""min_unique"": ""1"", ""reorder_test"": ""0"", ""response_error"": ""2"", ""seed"": ""1"", ""stall_cycles"": ""0"", ""stim_dir"": ""/home/mingwei/noc_project/sim/build/issue7-closure/c0/error2/patterns/ctrl_write_burst""}",0be8aa81d8405d5dc7118f9deb24dc88090cbaf91f66e2cc421253843f8b69a2,build/issue7-closure/run-evidence/reports/results/e2_ctrl_write_burst/ctrl_write_burst.run.json,build/issue7-closure/run-evidence/reports/results/e2_ctrl_write_burst/ctrl_write_burst.log,T0,1000,1000,0,SLVERR
C0-CL06,C0,ctrl_read_burst,auto,control,1,1,,0,PASS,1036,0,0,15,0,"{""backpressure"": ""0"", ""capacity_test"": ""0"", ""case_name"": ""ctrl_read_burst"", ""concurrent_rw"": ""0"", ""data_case"": ""0"", ""hold_cycles"": ""0"", ""init_phase"": ""0"", ""min_outstanding"": ""1"", ""min_unique"": ""1"", ""reorder_test"": ""0"", ""response_error"": ""2"", ""seed"": ""1"", ""stall_cycles"": ""0"", ""stim_dir"": ""/home/mingwei/noc_project/sim/build/issue7-closure/c0/error2/patterns/ctrl_read_burst""}",0be8aa81d8405d5dc7118f9deb24dc88090cbaf91f66e2cc421253843f8b69a2,build/issue7-closure/run-evidence/reports/results/e2_ctrl_read_burst/ctrl_read_burst.run.json,build/issue7-closure/run-evidence/reports/results/e2_ctrl_read_burst/ctrl_read_burst.log,T0,1000,1000,0,SLVERR
C0-CL07,C0,data_write_single,auto,data,1,1,,0,PASS,29,0,1,0,0,"{""backpressure"": ""0"", ""capacity_test"": ""0"", ""case_name"": ""data_write_single"", ""concurrent_rw"": ""0"", ""data_case"": ""1"", ""hold_cycles"": ""0"", ""init_phase"": ""0"", ""min_outstanding"": ""1"", ""min_unique"": ""1"", ""reorder_test"": ""0"", ""response_error"": ""2"", ""seed"": ""1"", ""stall_cycles"": ""0"", ""stim_dir"": ""/home/mingwei/noc_project/sim/build/issue7-closure/c0/error2/patterns/data_write_single""}",0be8aa81d8405d5dc7118f9deb24dc88090cbaf91f66e2cc421253843f8b69a2,build/issue7-closure/run-evidence/reports/results/e2_data_write_single/data_write_single.run.json,build/issue7-closure/run-evidence/reports/results/e2_data_write_single/data_write_single.log,T0,1000,1000,0,SLVERR
C0-CL08,C0,data_write_burst,auto,data,1,1,,0,PASS,283,0,11,0,0,"{""backpressure"": ""0"", ""capacity_test"": ""0"", ""case_name"": ""data_write_burst"", ""concurrent_rw"": ""0"", ""data_case"": ""1"", ""hold_cycles"": ""0"", ""init_phase"": ""0"", ""min_outstanding"": ""1"", ""min_unique"": ""1"", ""reorder_test"": ""0"", ""response_error"": ""2"", ""seed"": ""1"", ""stall_cycles"": ""0"", ""stim_dir"": ""/home/mingwei/noc_project/sim/build/issue7-closure/c0/error2/patterns/data_write_burst""}",0be8aa81d8405d5dc7118f9deb24dc88090cbaf91f66e2cc421253843f8b69a2,build/issue7-closure/run-evidence/reports/results/e2_data_write_burst/data_write_burst.run.json,build/issue7-closure/run-evidence/reports/results/e2_data_write_burst/data_write_burst.log,T0,1000,1000,0,SLVERR
C0-CL09,C0,data_read_single,auto,data,1,1,,0,PASS,28,0,0,1,0,"{""backpressure"": ""0"", ""capacity_test"": ""0"", ""case_name"": ""data_read_single"", ""concurrent_rw"": ""0"", ""data_case"": ""1"", ""hold_cycles"": ""0"", ""init_phase"": ""0"", ""min_outstanding"": ""1"", ""min_unique"": ""1"", ""reorder_test"": ""0"", ""response_error"": ""2"", ""seed"": ""1"", ""stall_cycles"": ""0"", ""stim_dir"": ""/home/mingwei/noc_project/sim/build/issue7-closure/c0/error2/patterns/data_read_single""}",0be8aa81d8405d5dc7118f9deb24dc88090cbaf91f66e2cc421253843f8b69a2,build/issue7-closure/run-evidence/reports/results/e2_data_read_single/data_read_single.run.json,build/issue7-closure/run-evidence/reports/results/e2_data_read_single/data_read_single.log,T0,1000,1000,0,SLVERR
C0-CL10,C0,data_read_burst,auto,data,1,1,,0,PASS,272,0,0,11,0,"{""backpressure"": ""0"", ""capacity_test"": ""0"", ""case_name"": ""data_read_burst"", ""concurrent_rw"": ""0"", ""data_case"": ""1"", ""hold_cycles"": ""0"", ""init_phase"": ""0"", ""min_outstanding"": ""1"", ""min_unique"": ""1"", ""reorder_test"": ""0"", ""response_error"": ""2"", ""seed"": ""1"", ""stall_cycles"": ""0"", ""stim_dir"": ""/home/mingwei/noc_project/sim/build/issue7-closure/c0/error2/patterns/data_read_burst""}",0be8aa81d8405d5dc7118f9deb24dc88090cbaf91f66e2cc421253843f8b69a2,build/issue7-closure/run-evidence/reports/results/e2_data_read_burst/data_read_burst.run.json,build/issue7-closure/run-evidence/reports/results/e2_data_read_burst/data_read_burst.log,T0,1000,1000,0,SLVERR
C0-CL11,C0,ctrl_write_single,auto,control,1,1,,0,PASS,27,0,1,0,0,"{""backpressure"": ""0"", ""capacity_test"": ""0"", ""case_name"": ""ctrl_write_single"", ""concurrent_rw"": ""0"", ""data_case"": ""0"", ""hold_cycles"": ""0"", ""init_phase"": ""0"", ""min_outstanding"": ""1"", ""min_unique"": ""1"", ""reorder_test"": ""0"", ""response_error"": ""3"", ""seed"": ""1"", ""stall_cycles"": ""0"", ""stim_dir"": ""/home/mingwei/noc_project/sim/build/issue7-closure/c0/error3/patterns/ctrl_write_single""}",0be8aa81d8405d5dc7118f9deb24dc88090cbaf91f66e2cc421253843f8b69a2,build/issue7-closure/run-evidence/reports/results/e3_ctrl_write_single/ctrl_write_single.run.json,build/issue7-closure/run-evidence/reports/results/e3_ctrl_write_single/ctrl_write_single.log,T0,1000,1000,0,DECERR
C0-CL12,C0,ctrl_read_single,auto,control,1,1,,0,PASS,26,0,0,1,0,"{""backpressure"": ""0"", ""capacity_test"": ""0"", ""case_name"": ""ctrl_read_single"", ""concurrent_rw"": ""0"", ""data_case"": ""0"", ""hold_cycles"": ""0"", ""init_phase"": ""0"", ""min_outstanding"": ""1"", ""min_unique"": ""1"", ""reorder_test"": ""0"", ""response_error"": ""3"", ""seed"": ""1"", ""stall_cycles"": ""0"", ""stim_dir"": ""/home/mingwei/noc_project/sim/build/issue7-closure/c0/error3/patterns/ctrl_read_single""}",0be8aa81d8405d5dc7118f9deb24dc88090cbaf91f66e2cc421253843f8b69a2,build/issue7-closure/run-evidence/reports/results/e3_ctrl_read_single/ctrl_read_single.run.json,build/issue7-closure/run-evidence/reports/results/e3_ctrl_read_single/ctrl_read_single.log,T0,1000,1000,0,DECERR
C0-CL13,C0,ctrl_write_burst,auto,control,1,1,,0,PASS,1051,0,15,0,0,"{""backpressure"": ""0"", ""capacity_test"": ""0"", ""case_name"": ""ctrl_write_burst"", ""concurrent_rw"": ""0"", ""data_case"": ""0"", ""hold_cycles"": ""0"", ""init_phase"": ""0"", ""min_outstanding"": ""1"", ""min_unique"": ""1"", ""reorder_test"": ""0"", ""response_error"": ""3"", ""seed"": ""1"", ""stall_cycles"": ""0"", ""stim_dir"": ""/home/mingwei/noc_project/sim/build/issue7-closure/c0/error3/patterns/ctrl_write_burst""}",0be8aa81d8405d5dc7118f9deb24dc88090cbaf91f66e2cc421253843f8b69a2,build/issue7-closure/run-evidence/reports/results/e3_ctrl_write_burst/ctrl_write_burst.run.json,build/issue7-closure/run-evidence/reports/results/e3_ctrl_write_burst/ctrl_write_burst.log,T0,1000,1000,0,DECERR
C0-CL14,C0,ctrl_read_burst,auto,control,1,1,,0,PASS,1036,0,0,15,0,"{""backpressure"": ""0"", ""capacity_test"": ""0"", ""case_name"": ""ctrl_read_burst"", ""concurrent_rw"": ""0"", ""data_case"": ""0"", ""hold_cycles"": ""0"", ""init_phase"": ""0"", ""min_outstanding"": ""1"", ""min_unique"": ""1"", ""reorder_test"": ""0"", ""response_error"": ""3"", ""seed"": ""1"", ""stall_cycles"": ""0"", ""stim_dir"": ""/home/mingwei/noc_project/sim/build/issue7-closure/c0/error3/patterns/ctrl_read_burst""}",0be8aa81d8405d5dc7118f9deb24dc88090cbaf91f66e2cc421253843f8b69a2,build/issue7-closure/run-evidence/reports/results/e3_ctrl_read_burst/ctrl_read_burst.run.json,build/issue7-closure/run-evidence/reports/results/e3_ctrl_read_burst/ctrl_read_burst.log,T0,1000,1000,0,DECERR
C0-CL15,C0,data_write_single,auto,data,1,1,,0,PASS,29,0,1,0,0,"{""backpressure"": ""0"", ""capacity_test"": ""0"", ""case_name"": ""data_write_single"", ""concurrent_rw"": ""0"", ""data_case"": ""1"", ""hold_cycles"": ""0"", ""init_phase"": ""0"", ""min_outstanding"": ""1"", ""min_unique"": ""1"", ""reorder_test"": ""0"", ""response_error"": ""3"", ""seed"": ""1"", ""stall_cycles"": ""0"", ""stim_dir"": ""/home/mingwei/noc_project/sim/build/issue7-closure/c0/error3/patterns/data_write_single""}",0be8aa81d8405d5dc7118f9deb24dc88090cbaf91f66e2cc421253843f8b69a2,build/issue7-closure/run-evidence/reports/results/e3_data_write_single/data_write_single.run.json,build/issue7-closure/run-evidence/reports/results/e3_data_write_single/data_write_single.log,T0,1000,1000,0,DECERR
C0-CL16,C0,data_write_burst,auto,data,1,1,,0,PASS,283,0,11,0,0,"{""backpressure"": ""0"", ""capacity_test"": ""0"", ""case_name"": ""data_write_burst"", ""concurrent_rw"": ""0"", ""data_case"": ""1"", ""hold_cycles"": ""0"", ""init_phase"": ""0"", ""min_outstanding"": ""1"", ""min_unique"": ""1"", ""reorder_test"": ""0"", ""response_error"": ""3"", ""seed"": ""1"", ""stall_cycles"": ""0"", ""stim_dir"": ""/home/mingwei/noc_project/sim/build/issue7-closure/c0/error3/patterns/data_write_burst""}",0be8aa81d8405d5dc7118f9deb24dc88090cbaf91f66e2cc421253843f8b69a2,build/issue7-closure/run-evidence/reports/results/e3_data_write_burst/data_write_burst.run.json,build/issue7-closure/run-evidence/reports/results/e3_data_write_burst/data_write_burst.log,T0,1000,1000,0,DECERR
C0-CL17,C0,data_read_single,auto,data,1,1,,0,PASS,28,0,0,1,0,"{""backpressure"": ""0"", ""capacity_test"": ""0"", ""case_name"": ""data_read_single"", ""concurrent_rw"": ""0"", ""data_case"": ""1"", ""hold_cycles"": ""0"", ""init_phase"": ""0"", ""min_outstanding"": ""1"", ""min_unique"": ""1"", ""reorder_test"": ""0"", ""response_error"": ""3"", ""seed"": ""1"", ""stall_cycles"": ""0"", ""stim_dir"": ""/home/mingwei/noc_project/sim/build/issue7-closure/c0/error3/patterns/data_read_single""}",0be8aa81d8405d5dc7118f9deb24dc88090cbaf91f66e2cc421253843f8b69a2,build/issue7-closure/run-evidence/reports/results/e3_data_read_single/data_read_single.run.json,build/issue7-closure/run-evidence/reports/results/e3_data_read_single/data_read_single.log,T0,1000,1000,0,DECERR
C0-CL18,C0,data_read_burst,auto,data,1,1,,0,PASS,272,0,0,11,0,"{""backpressure"": ""0"", ""capacity_test"": ""0"", ""case_name"": ""data_read_burst"", ""concurrent_rw"": ""0"", ""data_case"": ""1"", ""hold_cycles"": ""0"", ""init_phase"": ""0"", ""min_outstanding"": ""1"", ""min_unique"": ""1"", ""reorder_test"": ""0"", ""response_error"": ""3"", ""seed"": ""1"", ""stall_cycles"": ""0"", ""stim_dir"": ""/home/mingwei/noc_project/sim/build/issue7-closure/c0/error3/patterns/data_read_burst""}",0be8aa81d8405d5dc7118f9deb24dc88090cbaf91f66e2cc421253843f8b69a2,build/issue7-closure/run-evidence/reports/results/e3_data_read_burst/data_read_burst.run.json,build/issue7-closure/run-evidence/reports/results/e3_data_read_burst/data_read_burst.log,T0,1000,1000,0,DECERR
C0-CL19,C0,request_rand,auto,rand,1,1,,0,PASS,653,0,64,64,64,"{""backpressure"": ""0"", ""capacity_test"": ""0"", ""case_name"": ""request_rand"", ""concurrent_rw"": ""1"", ""data_case"": ""0"", ""hold_cycles"": ""0"", ""init_phase"": ""0"", ""min_outstanding"": ""2"", ""min_unique"": ""2"", ""reorder_test"": ""0"", ""seed"": ""1"", ""stall_cycles"": ""0"", ""stim_dir"": ""/home/mingwei/noc_project/sim/build/issue7-closure/c0/patterns/request_rand""}",0be8aa81d8405d5dc7118f9deb24dc88090cbaf91f66e2cc421253843f8b69a2,build/issue7-closure/run-evidence/reports/results/request_rand_auto/request_rand.run.json,build/issue7-closure/run-evidence/reports/results/request_rand_auto/request_rand.log,T0,1000,1000,0,OKAY
C0-CL20,C0,single_id_reorder,control,control,1,1,,1,PASS,2227,0,64,64,0,"{""backpressure"": ""0"", ""capacity_test"": ""0"", ""case_name"": ""single_id_reorder_backpressure"", ""concurrent_rw"": ""0"", ""data_case"": ""0"", ""hold_cycles"": ""1024"", ""init_phase"": ""0"", ""min_outstanding"": ""2"", ""min_unique"": ""1"", ""reorder_test"": ""2"", ""seed"": ""1"", ""stall_cycles"": ""0"", ""stim_dir"": ""/home/mingwei/noc_project/sim/build/issue7-closure/c0/patterns/control/single_id_reorder_backpressure""}",0be8aa81d8405d5dc7118f9deb24dc88090cbaf91f66e2cc421253843f8b69a2,build/issue7-closure/run-evidence/reports/results/single_id_reorder_control/single_id_reorder.run.json,build/issue7-closure/run-evidence/reports/results/single_id_reorder_control/single_id_reorder.log,T0,1000,1000,0,OKAY
C0-CL21,C0,single_id_reorder,data,data,1,1,,1,PASS,2231,0,64,64,0,"{""backpressure"": ""0"", ""capacity_test"": ""0"", ""case_name"": ""single_id_reorder_backpressure"", ""concurrent_rw"": ""0"", ""data_case"": ""1"", ""hold_cycles"": ""1024"", ""init_phase"": ""0"", ""min_outstanding"": ""2"", ""min_unique"": ""1"", ""reorder_test"": ""2"", ""seed"": ""1"", ""stall_cycles"": ""0"", ""stim_dir"": ""/home/mingwei/noc_project/sim/build/issue7-closure/c0/patterns/data/single_id_reorder_backpressure""}",0be8aa81d8405d5dc7118f9deb24dc88090cbaf91f66e2cc421253843f8b69a2,build/issue7-closure/run-evidence/reports/results/single_id_reorder_data/single_id_reorder.run.json,build/issue7-closure/run-evidence/reports/results/single_id_reorder_data/single_id_reorder.log,T0,1000,1000,0,OKAY
C0-CL22,C0,multi_id_out_of_order,data,data,1,1,,1,PASS,2234,0,64,64,0,"{""backpressure"": ""0"", ""capacity_test"": ""0"", ""case_name"": ""multi_id_out_of_order_backpressure"", ""concurrent_rw"": ""0"", ""data_case"": ""1"", ""hold_cycles"": ""1024"", ""init_phase"": ""0"", ""min_outstanding"": ""2"", ""min_unique"": ""2"", ""reorder_test"": ""1"", ""seed"": ""1"", ""stall_cycles"": ""0"", ""stim_dir"": ""/home/mingwei/noc_project/sim/build/issue7-closure/c0/patterns/data/multi_id_out_of_order_backpressure""}",0be8aa81d8405d5dc7118f9deb24dc88090cbaf91f66e2cc421253843f8b69a2,build/issue7-closure/run-evidence/reports/results/multi_id_out_of_order_data/multi_id_out_of_order.run.json,build/issue7-closure/run-evidence/reports/results/multi_id_out_of_order_data/multi_id_out_of_order.log,T0,1000,1000,0,OKAY
C0-CL23,C0,capacity_reuse,auto,data,1,1,context,0,PASS,17050,0,320,320,0,"{""backpressure"": ""0"", ""capacity_target"": ""context"", ""capacity_test"": ""1"", ""case_name"": ""capacity_reuse_context"", ""concurrent_rw"": ""0"", ""data_case"": ""1"", ""hold_cycles"": ""4096"", ""init_phase"": ""0"", ""min_outstanding"": ""1"", ""min_unique"": ""1"", ""reorder_test"": ""0"", ""seed"": ""1"", ""stall_cycles"": ""0"", ""stim_dir"": ""/home/mingwei/noc_project/sim/build/issue7-closure/c0/south/patterns/capacity_reuse_context"", ""stress_test"": ""1""}",0be8aa81d8405d5dc7118f9deb24dc88090cbaf91f66e2cc421253843f8b69a2,build/issue7-closure/run-evidence/reports/results/capacity_reuse_auto/capacity_reuse.run.json,build/issue7-closure/run-evidence/reports/results/capacity_reuse_auto/capacity_reuse.log,T0,1000,1000,0,OKAY
C1-CL01,C1,data_rand,auto,data,17,17,,0,PASS,959,0,64,64,64,"{""backpressure"": ""0"", ""capacity_test"": ""0"", ""case_name"": ""data_rand"", ""concurrent_rw"": ""1"", ""data_case"": ""1"", ""hold_cycles"": ""0"", ""init_phase"": ""0"", ""min_outstanding"": ""2"", ""min_unique"": ""2"", ""reorder_test"": ""0"", ""seed"": ""17"", ""stall_cycles"": ""0"", ""stim_dir"": ""/home/mingwei/noc_project/sim/build/issue7-closure/c1/seed17/patterns/data_rand""}",e407b4179813f0ea3531ddc9637cfb9272837a5354460d233f85fb119404606b,build/issue7-closure/run-evidence/reports/c1-results/results/data_rand_s17/data_rand.run.json,build/issue7-closure/run-evidence/reports/c1-results/results/data_rand_s17/data_rand.log,T0,1000,1000,0,OKAY
C1-CL02,C1,request_rand,auto,rand,17,17,,0,PASS,887,0,64,64,64,"{""backpressure"": ""0"", ""capacity_test"": ""0"", ""case_name"": ""request_rand"", ""concurrent_rw"": ""1"", ""data_case"": ""0"", ""hold_cycles"": ""0"", ""init_phase"": ""0"", ""min_outstanding"": ""2"", ""min_unique"": ""2"", ""reorder_test"": ""0"", ""seed"": ""17"", ""stall_cycles"": ""0"", ""stim_dir"": ""/home/mingwei/noc_project/sim/build/issue7-closure/c1/seed17/patterns/request_rand""}",e407b4179813f0ea3531ddc9637cfb9272837a5354460d233f85fb119404606b,build/issue7-closure/run-evidence/reports/c1-results/results/request_rand_s17/request_rand.run.json,build/issue7-closure/run-evidence/reports/c1-results/results/request_rand_s17/request_rand.log,T0,1000,1000,0,OKAY
C1-CL03,C1,data_rand,auto,data,29,29,,0,PASS,1010,0,64,64,64,"{""backpressure"": ""0"", ""capacity_test"": ""0"", ""case_name"": ""data_rand"", ""concurrent_rw"": ""1"", ""data_case"": ""1"", ""hold_cycles"": ""0"", ""init_phase"": ""0"", ""min_outstanding"": ""2"", ""min_unique"": ""2"", ""reorder_test"": ""0"", ""seed"": ""29"", ""stall_cycles"": ""0"", ""stim_dir"": ""/home/mingwei/noc_project/sim/build/issue7-closure/c1/seed29/patterns/data_rand""}",e407b4179813f0ea3531ddc9637cfb9272837a5354460d233f85fb119404606b,build/issue7-closure/run-evidence/reports/c1-results/results/data_rand_s29/data_rand.run.json,build/issue7-closure/run-evidence/reports/c1-results/results/data_rand_s29/data_rand.log,T0,1000,1000,0,OKAY
C1-CL04,C1,request_rand,auto,rand,29,29,,0,PASS,862,0,64,64,64,"{""backpressure"": ""0"", ""capacity_test"": ""0"", ""case_name"": ""request_rand"", ""concurrent_rw"": ""1"", ""data_case"": ""0"", ""hold_cycles"": ""0"", ""init_phase"": ""0"", ""min_outstanding"": ""2"", ""min_unique"": ""2"", ""reorder_test"": ""0"", ""seed"": ""29"", ""stall_cycles"": ""0"", ""stim_dir"": ""/home/mingwei/noc_project/sim/build/issue7-closure/c1/seed29/patterns/request_rand""}",e407b4179813f0ea3531ddc9637cfb9272837a5354460d233f85fb119404606b,build/issue7-closure/run-evidence/reports/c1-results/results/request_rand_s29/request_rand.run.json,build/issue7-closure/run-evidence/reports/c1-results/results/request_rand_s29/request_rand.log,T0,1000,1000,0,OKAY
C1-CL05,C1,capacity_reuse,data,data,1,1,context,0,PASS,17494,0,320,320,0,"{""backpressure"": ""0"", ""capacity_target"": ""context"", ""capacity_test"": ""1"", ""case_name"": ""capacity_reuse_context"", ""concurrent_rw"": ""0"", ""data_case"": ""1"", ""hold_cycles"": ""4096"", ""init_phase"": ""0"", ""min_outstanding"": ""1"", ""min_unique"": ""1"", ""reorder_test"": ""0"", ""seed"": ""1"", ""stall_cycles"": ""0"", ""stim_dir"": ""/home/mingwei/noc_project/sim/build/issue7-closure/c1/patterns/data/capacity_reuse_context"", ""stress_test"": ""1""}",e407b4179813f0ea3531ddc9637cfb9272837a5354460d233f85fb119404606b,build/issue7-closure/run-evidence/reports/c1-results/results/capacity_reuse_data/capacity_reuse.run.json,build/issue7-closure/run-evidence/reports/c1-results/results/capacity_reuse_data/capacity_reuse.log,T0,1000,1000,0,OKAY
C1-CL06,C1,single_id_reorder,data,data,1,1,,1,PASS,2953,0,64,64,0,"{""backpressure"": ""0"", ""capacity_test"": ""0"", ""case_name"": ""single_id_reorder_backpressure"", ""concurrent_rw"": ""0"", ""data_case"": ""1"", ""hold_cycles"": ""1024"", ""init_phase"": ""0"", ""min_outstanding"": ""2"", ""min_unique"": ""1"", ""reorder_test"": ""2"", ""seed"": ""1"", ""stall_cycles"": ""0"", ""stim_dir"": ""/home/mingwei/noc_project/sim/build/issue7-closure/c1/patterns/data/single_id_reorder_backpressure""}",e407b4179813f0ea3531ddc9637cfb9272837a5354460d233f85fb119404606b,build/issue7-closure/run-evidence/reports/c1-results/results/single_id_reorder_data/single_id_reorder.run.json,build/issue7-closure/run-evidence/reports/c1-results/results/single_id_reorder_data/single_id_reorder.log,T0,1000,1000,0,OKAY
C1-CL07,C1,hol_blocking,data,data,1,1,,0,PASS,519,0,80,80,0,"{""backpressure"": ""0"", ""capacity_test"": ""0"", ""case_name"": ""hol_blocking"", ""concurrent_rw"": ""0"", ""data_case"": ""1"", ""hold_cycles"": ""0"", ""init_phase"": ""0"", ""min_outstanding"": ""1"", ""min_unique"": ""1"", ""reorder_test"": ""0"", ""seed"": ""1"", ""stall_cycles"": ""0"", ""stim_dir"": ""/home/mingwei/noc_project/sim/build/issue7-closure/c1/patterns/data/hol_blocking"", ""stress_test"": ""2""}",e407b4179813f0ea3531ddc9637cfb9272837a5354460d233f85fb119404606b,build/issue7-closure/run-evidence/reports/c1-results/results/hol_blocking_data/hol_blocking.run.json,build/issue7-closure/run-evidence/reports/c1-results/results/hol_blocking_data/hol_blocking.log,T0,1000,1000,0,OKAY
C1-CL08,C1,capacity_reuse,rand,rand,1,1,context,0,PASS,17461,0,320,320,0,"{""backpressure"": ""0"", ""capacity_target"": ""context"", ""capacity_test"": ""1"", ""case_name"": ""capacity_reuse_context"", ""concurrent_rw"": ""0"", ""data_case"": ""0"", ""hold_cycles"": ""4096"", ""init_phase"": ""0"", ""min_outstanding"": ""1"", ""min_unique"": ""1"", ""reorder_test"": ""0"", ""seed"": ""1"", ""stall_cycles"": ""0"", ""stim_dir"": ""/home/mingwei/noc_project/sim/build/issue7-closure/c1/patterns/rand/capacity_reuse_context"", ""stress_test"": ""1""}",e407b4179813f0ea3531ddc9637cfb9272837a5354460d233f85fb119404606b,build/issue7-closure/run-evidence/reports/c1-results/results/capacity_reuse_rand/capacity_reuse.run.json,build/issue7-closure/run-evidence/reports/c1-results/results/capacity_reuse_rand/capacity_reuse.log,T0,1000,1000,0,OKAY
C1-CL09,C1,data_read_burst,auto,data,1,1,,0,PASS,3676,0,0,512,0,"{""backpressure"": ""0"", ""capacity_test"": ""0"", ""case_name"": ""data_read_burst"", ""concurrent_rw"": ""0"", ""data_case"": ""1"", ""hold_cycles"": ""0"", ""init_phase"": ""0"", ""min_outstanding"": ""1"", ""min_unique"": ""1"", ""reorder_test"": ""0"", ""seed"": ""1"", ""stall_cycles"": ""0"", ""stim_dir"": ""/home/mingwei/noc_project/sim/build/issue7-closure/c1-read-bursts/patterns/data_read_burst""}",e407b4179813f0ea3531ddc9637cfb9272837a5354460d233f85fb119404606b,build/issue7-closure/run-evidence/reports/c1-results/results/credit_read_bursts/data_read_burst.run.json,build/issue7-closure/run-evidence/reports/c1-results/results/credit_read_bursts/data_read_burst.log,T0,1000,1000,0,OKAY
C1-CL10,C1,data_read_burst,auto,data,1,1,,0,PASS,3697,0,0,512,0,"{""backpressure"": ""0"", ""capacity_test"": ""0"", ""case_name"": ""data_read_burst"", ""concurrent_rw"": ""0"", ""data_case"": ""1"", ""hold_cycles"": ""0"", ""init_phase"": ""0"", ""min_outstanding"": ""1"", ""min_unique"": ""1"", ""reorder_test"": ""0"", ""seed"": ""1"", ""stall_cycles"": ""0"", ""stim_dir"": ""/home/mingwei/noc_project/sim/build/issue7-closure/c1-read-bursts-swap/patterns/data_read_burst""}",e407b4179813f0ea3531ddc9637cfb9272837a5354460d233f85fb119404606b,build/issue7-closure/run-evidence/reports/c1-results/results/credit_read_bursts_swap/data_read_burst.run.json,build/issue7-closure/run-evidence/reports/c1-results/results/credit_read_bursts_swap/data_read_burst.log,T0,1000,1000,0,OKAY
C1-CL11,C1,data_rand,auto,data,17,17,,0,PASS,2101,0,128,128,128,"{""backpressure"": ""0"", ""capacity_test"": ""0"", ""case_name"": ""data_rand"", ""concurrent_rw"": ""1"", ""data_case"": ""1"", ""hold_cycles"": ""0"", ""init_phase"": ""0"", ""min_outstanding"": ""2"", ""min_unique"": ""2"", ""reorder_test"": ""0"", ""seed"": ""17"", ""stall_cycles"": ""0"", ""stim_dir"": ""/home/mingwei/noc_project/sim/build/issue7-closure/c1-north-rand/patterns/data_rand""}",e407b4179813f0ea3531ddc9637cfb9272837a5354460d233f85fb119404606b,build/issue7-closure/run-evidence/reports/c1-results/results/north_data_rand/data_rand.run.json,build/issue7-closure/run-evidence/reports/c1-results/results/north_data_rand/data_rand.log,T0,1000,1000,0,OKAY
C4-CL01,C4,multi_id_out_of_order,data,data,1,1,,1,PASS,2234,0,64,64,0,"{""backpressure"": ""0"", ""capacity_test"": ""0"", ""case_name"": ""multi_id_out_of_order_backpressure"", ""concurrent_rw"": ""0"", ""data_case"": ""1"", ""hold_cycles"": ""1024"", ""init_phase"": ""0"", ""min_outstanding"": ""2"", ""min_unique"": ""2"", ""reorder_test"": ""1"", ""seed"": ""1"", ""stall_cycles"": ""0"", ""stim_dir"": ""/home/mingwei/noc_project/sim/build/issue7-closure/c4/patterns/data/multi_id_out_of_order_backpressure""}",b0bd5b7c8bc990814cf3f8354ebc17d1e6ce271389789b23806f42992b7c7dbb,build/issue7-closure/run-evidence/reports/c4-results/results/multi_id_out_of_order_data/multi_id_out_of_order.run.json,build/issue7-closure/run-evidence/reports/c4-results/results/multi_id_out_of_order_data/multi_id_out_of_order.log,T0,1000,1000,0,OKAY
C5-CL01,C5,single_id_outstanding,data,data,1,1,,0,PASS,102,0,16,16,0,"{""backpressure"": ""0"", ""capacity_test"": ""0"", ""case_name"": ""single_id_outstanding"", ""concurrent_rw"": ""0"", ""data_case"": ""1"", ""hold_cycles"": ""0"", ""init_phase"": ""0"", ""min_outstanding"": ""2"", ""min_unique"": ""1"", ""reorder_test"": ""0"", ""seed"": ""1"", ""stall_cycles"": ""0"", ""stim_dir"": ""/home/mingwei/noc_project/sim/build/issue7-closure/c5/patterns/data/single_id_outstanding""}",afecc71690c49bf1bc6e674a698c58c4f9e66ad914c6899f0dd85126f468b6c7,build/issue7-closure/run-evidence/reports/c5-results/results/single_id_outstanding_data/single_id_outstanding.run.json,build/issue7-closure/run-evidence/reports/c5-results/results/single_id_outstanding_data/single_id_outstanding.log,T0,1000,1000,0,OKAY
C6-CL01,C6,single_id_reorder,data,data,1,1,,1,PASS,2231,0,64,64,0,"{""backpressure"": ""0"", ""capacity_test"": ""0"", ""case_name"": ""single_id_reorder_backpressure"", ""concurrent_rw"": ""0"", ""data_case"": ""1"", ""hold_cycles"": ""1024"", ""init_phase"": ""0"", ""min_outstanding"": ""2"", ""min_unique"": ""1"", ""reorder_test"": ""2"", ""seed"": ""1"", ""stall_cycles"": ""0"", ""stim_dir"": ""/home/mingwei/noc_project/sim/build/issue7-closure/c6/patterns/data/single_id_reorder_backpressure""}",57f3ac6194712f03f311af00ea7ac8093124db0da0e9a5b7bc9cbefbfb22a277,build/issue7-closure/run-evidence/reports/c6-results/results/single_id_reorder_data/single_id_reorder.run.json,build/issue7-closure/run-evidence/reports/c6-results/results/single_id_reorder_data/single_id_reorder.log,T0,1000,1000,0,OKAY
C0-BP01,C0,single_id_reorder,control,control,1,1,,1,PASS,2227,0,64,64,0,"{""backpressure"": ""0"", ""capacity_test"": ""0"", ""case_name"": ""single_id_reorder_backpressure"", ""concurrent_rw"": ""0"", ""data_case"": ""0"", ""hold_cycles"": ""1024"", ""init_phase"": ""0"", ""min_outstanding"": ""2"", ""min_unique"": ""1"", ""reorder_test"": ""2"", ""seed"": ""1"", ""stall_cycles"": ""0"", ""stim_dir"": ""/home/mingwei/noc_project/sim/build/issue7-closure/c0-bp/patterns/control/single_id_reorder_backpressure""}",6eaf16ff21dc8682d332abfe6db23bb5bbec07f2fa9cd611a066dd14a6eb1a52,build/issue7-closure/run-evidence/reports/c0-bp-results/results/bp_single_id_reorder_control/single_id_reorder.run.json,build/issue7-closure/run-evidence/reports/c0-bp-results/results/bp_single_id_reorder_control/single_id_reorder.log,T0,1000,1000,0,OKAY
C0-BP02,C0,single_id_reorder,data,data,1,1,,1,PASS,2231,0,64,64,0,"{""backpressure"": ""0"", ""capacity_test"": ""0"", ""case_name"": ""single_id_reorder_backpressure"", ""concurrent_rw"": ""0"", ""data_case"": ""1"", ""hold_cycles"": ""1024"", ""init_phase"": ""0"", ""min_outstanding"": ""2"", ""min_unique"": ""1"", ""reorder_test"": ""2"", ""seed"": ""1"", ""stall_cycles"": ""0"", ""stim_dir"": ""/home/mingwei/noc_project/sim/build/issue7-closure/c0-bp/patterns/data/single_id_reorder_backpressure""}",6eaf16ff21dc8682d332abfe6db23bb5bbec07f2fa9cd611a066dd14a6eb1a52,build/issue7-closure/run-evidence/reports/c0-bp-results/results/bp_single_id_reorder_data/single_id_reorder.run.json,build/issue7-closure/run-evidence/reports/c0-bp-results/results/bp_single_id_reorder_data/single_id_reorder.log,T0,1000,1000,0,OKAY
C0-BP03,C0,multi_id_out_of_order,control,control,1,1,,1,PASS,2230,0,64,64,0,"{""backpressure"": ""0"", ""capacity_test"": ""0"", ""case_name"": ""multi_id_out_of_order_backpressure"", ""concurrent_rw"": ""0"", ""data_case"": ""0"", ""hold_cycles"": ""1024"", ""init_phase"": ""0"", ""min_outstanding"": ""2"", ""min_unique"": ""2"", ""reorder_test"": ""1"", ""seed"": ""1"", ""stall_cycles"": ""0"", ""stim_dir"": ""/home/mingwei/noc_project/sim/build/issue7-closure/c0-bp/patterns/control/multi_id_out_of_order_backpressure""}",6eaf16ff21dc8682d332abfe6db23bb5bbec07f2fa9cd611a066dd14a6eb1a52,build/issue7-closure/run-evidence/reports/c0-bp-results/results/bp_multi_id_out_of_order_control/multi_id_out_of_order.run.json,build/issue7-closure/run-evidence/reports/c0-bp-results/results/bp_multi_id_out_of_order_control/multi_id_out_of_order.log,T0,1000,1000,0,OKAY
C0-BP04,C0,multi_id_out_of_order,data,data,1,1,,1,PASS,2234,0,64,64,0,"{""backpressure"": ""0"", ""capacity_test"": ""0"", ""case_name"": ""multi_id_out_of_order_backpressure"", ""concurrent_rw"": ""0"", ""data_case"": ""1"", ""hold_cycles"": ""1024"", ""init_phase"": ""0"", ""min_outstanding"": ""2"", ""min_unique"": ""2"", ""reorder_test"": ""1"", ""seed"": ""1"", ""stall_cycles"": ""0"", ""stim_dir"": ""/home/mingwei/noc_project/sim/build/issue7-closure/c0-bp/patterns/data/multi_id_out_of_order_backpressure""}",6eaf16ff21dc8682d332abfe6db23bb5bbec07f2fa9cd611a066dd14a6eb1a52,build/issue7-closure/run-evidence/reports/c0-bp-results/results/bp_multi_id_out_of_order_data/multi_id_out_of_order.run.json,build/issue7-closure/run-evidence/reports/c0-bp-results/results/bp_multi_id_out_of_order_data/multi_id_out_of_order.log,T0,1000,1000,0,OKAY
C0-BP05,C0,request_rand,auto,rand,1,1,,0,PASS,653,0,64,64,64,"{""backpressure"": ""0"", ""capacity_test"": ""0"", ""case_name"": ""request_rand"", ""concurrent_rw"": ""1"", ""data_case"": ""0"", ""hold_cycles"": ""0"", ""init_phase"": ""0"", ""min_outstanding"": ""2"", ""min_unique"": ""2"", ""reorder_test"": ""0"", ""seed"": ""1"", ""stall_cycles"": ""0"", ""stim_dir"": ""/home/mingwei/noc_project/sim/build/issue7-closure/c0-bp/patterns/request_rand""}",6eaf16ff21dc8682d332abfe6db23bb5bbec07f2fa9cd611a066dd14a6eb1a52,build/issue7-closure/run-evidence/reports/c0-bp-results/results/no_stall_request/request_rand.run.json,build/issue7-closure/run-evidence/reports/c0-bp-results/results/no_stall_request/request_rand.log,T0,1000,1000,0,OKAY
